2021-09-10,Senate Democrats say a 2 percent tax on the money companies use to buy back stocks and tightened rules around taxing partnerships would raise $270 billion for their $3.5 trillion social policy bill.
2021-09-20,"The S&P 500 closed down 1.7 percent over a number of jitters, like China’s sputtering real estate market and the phasing out of stimulus measures in the United States."
2021-10-01,An economist says the three major U.S. markets all show signs of severe overpricing.
2021-09-19,"Plus, a tax plan is proposed and the government will weigh in on booster shots."
2021-09-14,"Gary Gensler, the Securities and Exchange Commission chair, will testify before the Senate Banking Committee on Tuesday, after five months on the job. Based on his prepared remarks, he’ll make the case for additional resources to achieve a more expansive agenda than many of his predecessors at the commission."
2021-09-10,Central bank regional presidents traded securities in markets in which Fed choices mattered in 2020. Here’s why critics find that troubling.
2021-09-21,"Experts are making increasingly grim predictions about the developer’s ability to hold on without a government bailout, and the consequences of a possible collapse."
2021-09-29,The eyewear retailer will go public in a direct listing that could value the company at about $5 billion.
2021-09-24,"The seizure of the top two leaders of HNA Group comes as speculation swirls over whether Beijing will bail out another troubled giant, Evergrande."
2021-09-25,"Some Black and Hispanic millennials are looking to alternatives like real estate or entrepreneurship, or to trading stock on their own."
2021-10-21,"The co-working company’s trading debut follows a failed I.P.O., a pandemic and more."
2021-10-21,The co-working operation is being absorbed into a special-purpose acquisition company. It must contend with new dynamics in commercial real estate.
2021-10-04,Inflation and supply chain problems have been a concern since the pandemic began. But action by the Federal Reserve and pressure on corporate profits put those worries in sharp focus.
2021-10-04,Oil prices rose as OPEC met.
2021-10-10,Facebook faced both an outage and a whistle-blower. Lawmakers reached a compromise on raising the debt ceiling. And the latest number on inflation is coming this week.
2021-10-22,"After weeks of fluctuations driven in part by Washington gridlock, share prices hit another high and put a dismal September in the rearview mirror."
2021-10-13,"After coasting higher over the summer, markets are jittery over rising prices, growth snarls and a number of other threats."
2021-10-24,The Fed unveiling sweeping changes to its ethics practices. The government approved more coronavirus vaccine booster shots and is set to decide on vaccines for children 5 to 11.
2021-10-19,"What a long-awaited report on trading in GameStop and other internet favorites says, and doesn’t say, about online-fueled stock-trading booms."
2021-10-26,"Inflation is as much a psychological process as an economic one. And a key indicator of inflation expectations has risen in recent days, which could ultimately lead to higher interest rates."
2021-11-13,"As an aspiring entrepreneur, you may have a good idea, but tread lightly before using retirement savings as capital."
2021-11-10,"Since Friday, Tesla has shed about $200 billion in market valuation."
2021-11-19,The suit was part of a proposed three-part class action suit against Robinhood and others over their roles in January’s GameStop trading frenzy.
2021-11-11,The sales so far were considerably short of the $20 billion worth he promised over the weekend that he would sell.
2021-11-29,"After tumbling on Friday, the S&P 500 gained more than 1 percent. Oil prices and bond yields also rose."
2021-12-01,"Investors are considering the risk of a new variant of the coronavirus, and its potential impact on the global economy, and are grappling with a shifting outlook for interest rates."
2021-11-29,Investors are re-pricing the risks of the latest coronavirus variant.
2021-11-26,"Historians say the Philadelphia police took to calling the day before the annual Army-Navy football game Black Friday because officers had to work long hours and deal with bad traffic, bad weather and other miseries."
2021-11-11,The second-most populous country is enjoying some of the world’s strongest stock market returns. Pro-growth policies and gnawing questions about China have helped.
2021-11-14,First G.E. and then J&J decide to split up their businesses. Inflation is rising. And the Biden administration's vaccine mandate faces court challenges.
2021-12-10,The speed and depth of the decline in BuzzFeed’s stock may in part be because there is a small number of shares available to trade.
2021-12-07,"Pandemic-driven declines don’t last as long as before, and are followed by recoveries to new highs. The dip after Omicron is following a similar pattern."
2021-12-06,They are eyeing BuzzFeed’s market performance as they face a tough advertising climate and look for ways to pay back their early investors.
2021-12-17,"The Omicron outbreak, inflation and monetary tightening are shaking emerging markets. Yet our columnist says it’s risky for long-term investors to shun them."
2021-12-05,"With much unknown about Omicron, President Biden announced travel restrictions and the stock market fell. Plus, the F.T.C. blocked a major chip deal."
2021-12-09,"The last time the S&P 500 had a negative real earnings yield, analysts said, was in 2000, before the tech bubble burst."
2021-12-31,Shares soared as interest rates stayed low and stimulus programs helped the economy. But expected changes could make investors wary.
2021-12-03,"With plenty of its own money and a greater desire to control the private sector, Beijing is pushing its companies to tap investors closer to home."
2021-12-20,The S&P 500 fell amid grim forecasts about the Omicron variant and a setback in efforts to pass a comprehensive domestic policy bill.
2021-12-03,"The emergence of the Omicron variant underlines the difficulty of planning even a few weeks ahead. Wall Street is forecasting next year’s precise market returns, regardless."
2022-01-25,"A sell-off pushed the S&P 500 to correction territory, a threshold that signals investors have turned pessimistic about stocks."
2022-01-13,"The firm, which was valued at $9 billion in its I.P.O., must convince investors that it can compete with its publicly traded rivals."
2022-01-26,Wild swings in stocks haven’t shown up in other assets.
2022-01-04,The iPhone maker’s value tripled since 2018 as its sales continued to soar and it spent hundreds of billions of dollars on its own stock.
2022-01-25,"The S&P 500 slid into correction territory before rallying, and signals on Wall Street show that investors have become markedly more pessimistic."
2022-01-26,Here’s what you need to know at the end of the day.
2022-01-25,"Stocks recovered after a sharp drop, but they are looking shaky again."
2022-01-21,"Stocks and bonds are core investments. Now, Vanguard is suggesting that retirees willing and able to bear the risk may want a stock target of 50 percent."
2022-02-01,Here's what you need to know about the recent market volatility.
2022-01-27,"A year later, many issues linger for the trading app at the center of the frenzy."
2022-02-05,"The stock market has begun swinging wildly as companies like Google, Facebook, Apple, Starbucks and Exxon Mobil reveal their earnings and hint at divergent prospects for the year ahead."
2022-02-24,"Whether you call it a correction or a panic attack, a stock market that was already becoming shaky has been roiled by Russia’s hostilities toward Ukraine."
2022-02-10,The agency is proposing to cut in half the time required to complete stock trades.
2022-02-24,"Stocks in Europe were sharply lower, but the S&P 500 rebounded after an early decline. Energy markets swung wildly, and shares in Moscow collapsed."
2022-03-02,Military conflicts have not been a major factor in market movements for decades. But Russia’s invasion of Ukraine has put global relations back on investors’ minds.
2022-02-10,"A bipartisan push is growing to bar members of Congress from trading individual stocks, an effort pushed by vulnerable lawmakers eager to take on perceived corruption in Washington."
2022-02-01,Here's what you need to know about the recent market volatility.
2022-02-17,"Amazon, Apple, Google and Microsoft are expanding their reach over the rest of the economy."
2022-02-04,Meta’s earnings led to a wild swing in stocks. The latest jobs numbers might trigger another.
2022-02-16,New Jersey’s cannabis law was partly designed to remedy wrongs in a criminal justice system that disproportionately ensnares Black and Latino people. But the hurdles for small-business owners are high.
2022-03-24,"The market opened for the first time since Feb. 25, and the MOEX index was probably pushed up by measures designed to avoid a sell-off."
2022-03-26,"Trading has resumed after the market closed for a month, but it’s not business as usual."
2022-03-25,"The usually sedate bond market has been unsettled by worries about inflation, the Federal Reserve’s interest rate increases and even the possibility of a recession."
2022-03-03,"Eugene F. Fama, the father of the efficient-markets theory, says the stock market can’t easily process “irrational” behavior. What will happen? “Who knows?” he says."
2022-03-18,The chaos in trading of the metal could have broad implications.
2022-03-10,The price of gasoline is climbing and the markets are adjusting to gloomier prospects as the war in Ukraine grinds on.
2022-03-28,Proposed new limits come as corporations may spend $1 trillion on stock repurchases this year.
2022-03-22,The S.E.C. has proposed sweeping new rules on company climate disclosures.
2022-03-11,"The company said it expected to produce only 25,000 electric vehicles this year, adding a new cloud to its outlook only months after a hot I.P.O."
2022-03-06,"U.S. employers added 678,000 jobs in February, a strong gain. President Biden unveiled a new coronavirus defense strategy. And we’re about to hear how much prices rose in February."
2022-04-22,"These months are historically the weakest for the market in a presidential term. Aside from coincidence, there are several possible explanations."
2022-04-27,"Tesla is highly traded, and Elon Musk’s sale of more than $16 billion worth of stock last year did not appear to push share prices lower."
2022-04-27,"This year’s decline in stock prices follows a historical pattern: “When unemployment is ultra low, the uppity times are behind us,” a bank research chief said."
2022-04-27,"She published her stock market newsletter for nearly four decades — initially as “G. Weiss,” to conceal her identity as a woman in a male-dominated industry."
2022-04-30,"Shares in Apple, Amazon, Google, Facebook and Microsoft have all fallen this year, but Netflix has come in for the harshest punishment."
2022-05-01,"Rarely have so many Americans gained so much equity in so little time, but it’s also inseparable from the housing affordability crisis."
2022-04-09,"After falling sharply for weeks, the stock market recovered much of its lost ground, though bonds have kept falling. With major risks unresolved, there may well be worse to come."
2022-04-16,"Stocks, bonds and commodities are already pricing in inflation, the pandemic and war."
2022-04-08,Who was behind the surge of trading in wheat futures last month? Some point to a group of Reddit users who mobbed an E.T.F. offering exposure to the wheat market.
2022-04-02,"Ned Johnson, the longtime leader of Fidelity, changed the way the middle class thought about its money."
2022-05-14,"The market has been producing double-digit returns for investors, even at moments of great national strife. But the party has ended and it may be a long time before it begins again."
2022-05-09,"The financial markets are coming to grips with the Federal Reserve’s policy change, as geopolitical factors complicate the outlook for the global economy."
2022-05-21,Production problems in China and Elon Musk’s pursuit of Twitter are leading investors to wonder whether the electric car company is worth as much as they thought.
2022-05-26,"As president of the Federal Reserve Bank of New York, he favored flooding the financial system with cash to restore confidence among investors."
2022-05-07,"Head-spinning volatility in financial markets isn’t all that puzzling when you consider the problems the Federal Reserve is grappling with, our columnist says."
2022-05-24,Have you been paying attention to the news recently? See how many of these 10 questions you can get right.
2022-05-21,"Flush with cash, Facebook, Apple, Amazon, Microsoft and Google are positioned to emerge from a downturn stronger and more powerful. As usual."
2022-05-09,"New data from China is adding to worries over high inflation, rising interest rates and supply chain disruptions."
2022-05-10,"Stocks reach bear market territory when they fall 20 percent from their last peak, a sign that investors are pessimistic about the state of the economy."
2022-05-26,"Jeff Sommer, who writes the Strategies column on the markets, finance and the economy for The Times, discusses how he reports on a subject that investors are worried about."
2022-06-03,"If you want to make money in the market but also be a responsible citizen in a warming world, you’re in a tough spot. But there are some promising options, our columnist says."
2022-06-14,"Steep downturns of stocks by 20 percent or more are relatively rare, but how long they last could portend damage — for you and the economy."
2022-06-14,History shows that the U.S. stock market has always recovered from declines in the past.
2022-06-15,"Venture capital is sounding the alarm, but economists say the broader impacts are likely less dire."
2022-06-30,"At the halfway point of the year, it’s been a historically horrible time for stocks. Bonds are in bad shape, too."
2022-06-14,"From the Great Depression to the 2008 financial crisis, here are some examples of past bear markets. "
2022-06-24,"The immediate outlook is grim, but low-cost funds that track the entire market can help you prosper over the long term, our columnist says."
2022-06-10,"The data suggested that policymakers would need to take aggressive steps to cool the economy, spooking investors."
2022-06-13,"The S&P has declined 22 percent since January, amid converging worries about inflation, the Ukraine war, Covid and the Fed’s response to the economy."
2022-06-13,"There have been several instances of near-bear markets in recent decades, but it’s rare for them to hit the threshold."
2022-07-22,"Amid rising inflation and the threat of recession, corporate earnings are coming under pressure."
2022-07-15,But Russia’s war in Ukraine creates uncertainty about where energy funds will go in the second half of the year.
2022-07-15,"Further losses may be on the way, even after a 20 percent drop in the first half of the year, as Wall Street continues to price in the Fed’s aggressive interest rate policy."
2022-07-03,The stock market had its worst first six months of a year since 1970. The Supreme Court dealt a blow to Biden’s climate plans. And the June jobs report is coming.
2022-06-30,"At the halfway point of the year, it’s been a historically horrible time for stocks. Bonds are in bad shape, too."
2022-07-11,"Shares have lost a third of their value since April 25, when the company’s board accepted Mr. Musk’s offer."
2022-07-19,"Despite better-than-expected profit, the Wall Street giant’s leaders said they would slow hiring and review stock repurchases as the economy becomes more “uncertain.”"
2022-07-29,"Readers from around the world shared their strategies for protecting their retirement savings and how, or if, they’re adjusting their tactics."
2022-07-29,"Tech companies are slowing their frenetic hiring, but a combination of dominance and diversity is turning out to be — yet again — an overwhelming asset."
2022-07-16,"In their latest financial reports, Wells Fargo showed signs of trouble but Citigroup revealed results that were better than expected."
2022-08-26,"The bear market endures, yet the S&P 500 index rose more than 17 percent from mid-June to mid-August. Don’t even try to guess what will happen next, our columnist says."
2022-08-23,The company billed the arrangement as a new way to raise money. Corporate governance experts and finance pros are keen to see if it catches on.
2022-08-13,"Companies have been criticized for the vast sums they are sending investors. Some of that money could be put to better use but for the most part, our columnist says, bring it on."
2022-08-23,"After Monday’s steep drop on Wall Street, investors around the world are reassessing the outlook for inflation, economic growth and interest rates."
2022-08-13,"The companies, collectively worth hundreds of billions of dollars, issued a flurry of statements amid tensions between Beijing and Washington over regulation and broader political issues."
2022-08-07,Elon Musk countersues Twitter. The Walt Disney Company’s bold subscriber ambitions may get a check in its quarterly earnings report. And the latest inflation number comes out.
2022-08-20,"Turbulent trading in shares of companies like AMC Entertainment and Bed Bath & Beyond can no longer be explained as simply a pandemic phenomenon, experts say."
2022-08-12,"Positive economic signs have sent the S&P 500 higher for four consecutive weeks, but some investors worry about how long the rally can last."
2022-08-23,A slowdown in consumer spending in conjunction with an uptick in construction may spoil the favorable conditions that allowed owners to expand and raise rates.
2022-08-14,Disney now has more subscribers than Netflix. The Fed will share notes from its July meeting. And stocks are on the rise.
2022-09-24,"The Stoxx 600 index, which includes large companies from 17 European countries, fell 2.3 percent on Friday, pushing the index down about 21 percent from its Jan. 5 peak."
2022-09-22,"The Federal Reserve has more jumbo-size interest rises planned, stoking fears of downturns in the housing, labor and stock markets."
2022-09-24,Central banks around the world raised interest rates this week to combat inflation. That’s raising concerns among investors about an economic slump.
2022-09-13,"Stocks plunged, government bond yields soared and the dollar bounced after investors were wrong-footed by a report showing stubbornly high price increases last month."
2022-09-05,"Liz Truss, the Conservative Party’s choice, will face a falling British pound and myriad economic troubles."
2022-09-23,"The S&P 500 fell 1.7 percent, putting the index on track for a second consecutive weekly decline, and the yield on the 10-year Treasury note, a benchmark for borrowing costs, rose slightly."
2022-09-16,Pessimism is deepening as bellwether companies like FedEx and General Electric warn of worsening economic and business conditions.
2022-09-25,There’s gloom on Wall Street. JetBlue and American Airlines face an antitrust trial. And investors can begin buying shares of the luxury sports carmaker Porsche.
2022-09-16,"The rout in the stock and bond markets has been especially rough on people paying for college, retirement or a new home. Our columnist has some advice."
2022-09-23,"Stocks, bonds and the pound were jolted by policy details from the new government that entailed a huge rise in borrowing."
2022-10-18,The S&P 500 rose sharply on Monday after better-than-expected earnings at Bank of America and news of a radically revised tax plan in Britain.
2022-09-29,"Volkswagen spun off the German carmaker on the Frankfurt Stock Exchange, where its stock began trading higher despite a broader decline in European markets."
2022-10-02,Wall Street volatility continued. Tallying the costs of Hurricane Ian has just begun. And a report on the strength of the job market is coming this week.
2022-10-13,"Stocks initially tumbled, then rebounded sharply after a report that signaled the Fed would continue raising interest rates aggressively."
2022-10-18,The longstanding troubles of Credit Suisse recently grabbed the attention of amateur investors whose social media posts sparked fears that the bank was running out of money.
2022-10-15,The Wall Street firm reported lower fees and weaker revenue from trading stocks in the third quarter.
2022-10-19,"He was chairman of the New York Stock Exchange and rose to lead the venerable securities firm Kidder, Peabody, but stepped down after it was caught up in a 1980s insider-trading scandal."
2022-10-28,"With worries about the economy rising, the four-year presidential cycle for stocks may not follow the established pattern."
2022-09-30,"This has been the most devastating time for bonds since at least 1926, and maybe in centuries. But, our columnist writes, much of the damage is already behind us."
2022-10-19,Market turbulence isn’t deterring activists in the way that it once did.
2022-11-10,"Stocks like Meta, Microsoft, Amazon and Apple have suffered staggering losses this year. But is this a good time to buy? Maybe, if you’re in it for the long term, our columnist says."
2022-11-04,"After flying under the radar as academic experiments, the markets are facing close regulatory scrutiny. But they are worth preserving, our columnist says."
2022-11-12,Signs of China easing its pandemic restrictions added to investors’ bullishness about cooling inflation in the United States.
2022-11-16,Lower-than-expected data on wholesale prices and resilient earnings from retailers were welcomed by investors.
2022-10-28,"With worries about the economy rising, the four-year presidential cycle for stocks may not follow the established pattern."
2022-11-02,"The market for U.S. government bonds, called the Treasury market, offers predictions on the path for interest rates and the economy."
2022-11-10,Stocks rallied and bond yields tumbled as investors reset their expectations for the pace of interest rate increases by the Federal Reserve.
2022-10-30,Tech companies start to feel the economic pain. The Fed is poised to announce another three-quarter point increase in its benchmark rate. The jobs report is coming.
2022-11-18,Several Fed officials sought to temper investors’ enthusiasm over signs that inflation could be slowing.
2022-11-07,"The business class, which shunned politics, is now questioning if there is still a place for it in a system dominated by one ruler, Xi Jinping."
2022-12-10,Persistent pullbacks in recent sessions reflect investors’ worries about stubbornly high inflation.
2022-12-16,"Wall Street’s market forecasts for 2023 are worthless, our columnist says. But the long view is much clearer."
2022-12-15,"Twitter’s owner has now sold $23 billion worth of Tesla stock this year, much of it after he pledged in April to stop selling shares to finance his deal to acquire the social media company."
2022-12-15,"Stock prices rose in early trading on Wednesday, as investors prepared for the Federal Reserve to begin reducing the size of its interest rate increases that have weighed on the market."
2022-12-16,Wall Street has been wary of the effects that central bankers’ determination to fight inflation could have on the economy.
2022-12-15,"The conspirators used podcasts and social media to talk up stock prices to their large followings, then sold their shares, according to court filings by the S.E.C. and the Justice Department."
2022-12-02,No actively managed stock or bond funds outperformed the market convincingly and regularly over the last five years. Index funds have generally been better.
2022-12-28,"The preliminary guidance applies to an alternative minimum tax for large corporations and a tax on stock buybacks, which helped fund President Biden’s climate and health bill."
2022-12-13,"Wall Street is expecting the Federal Reserve to slow down its interest rate increases, but the central bank’s meeting on Wednesday offers investors a reason to be cautious."
2022-11-28,Social justice joins discounted cash flows on the syllabus as essential knowledge for aspiring corporate leaders.
2022-12-30,How fast inflation and high interest rates upended markets across the globe.
2023-01-01,"The cost cutting continues at Twitter. The S&P 500 had a bad 2022, and it’s not clear if 2023 will be better. The Labor Department will report jobs numbers for December."
2023-01-06,Traders are betting that a slowdown in job growth and wage gains could reduce the pressure on prices and make the Federal Reserve less aggressive in raising interest rates.
2023-01-05,"To land the House speaker position, the California Republican will have to win over opponents who question his ties to Silicon Valley and his commitment to right wing causes."
2023-01-03,Analysts are more cautious about 2023 after their overly optimistic forecasts for last year.
2023-01-13,"Cut back on stock and bond holdings, and focus on money market funds, C.D.s, Treasury bills and other options that are now offering high yields, our columnist says."
2023-01-08,"Sam Bankman-Fried, the disgraced cryptocurrency executive, pleads not guilty to an array of charges. A bumpy road ahead for Tesla. And the latest inflation figures are coming out."
2023-01-05,"Central bankers remained committed to wrestling inflation lower, and wanted to make sure investors understood that message, minutes from the Federal Reserve’s December meeting showed."
2023-01-19,"Sam Bankman-Fried found ways to control the prices of digital coins to benefit his companies, FTX and Alameda, according to cryptocurrency investors."
2022-12-28,"The preliminary guidance applies to an alternative minimum tax for large corporations and a tax on stock buybacks, which helped fund President Biden’s climate and health bill."
2023-02-11,The steadfastness of India’s economy attests to the size and seeming strength of the country’s broader business landscape.
2023-02-19,"The nation’s growing budget deficit. Inflation is cooling, but not as quickly as expected. And the Fed will offer insights into its thinking."
2023-02-07,The struggling home goods retailer said it hoped the move would help it raise more than $1 billion and pay off its debts.
2023-02-17,"Exuberance in financial markets is likely to only strengthen the Federal Reserve’s resolve and shake up those very markets, our columnist says."
2023-01-29,Data shows that the U.S. economy has been largely resilient. The Fed may slow its rate increases. And the jobs report is expected to show solid gains.
2023-02-05,Jobs numbers soared far past analysts’ forecasts. Meta’s stock price surged. And Robert Iger faces a major test as Disney reports its first quarterly earnings since he returned as C.E.O.
2023-02-17,"After stocks jumped more than 6 percent in January, the tone shifted markedly this week as a steady flow of data showed the economy continued to run hot."
2023-02-01,Recent stock gains have been driven by hope that a rate-raising cycle may be over. The Fed keeps telling investors that it’s not.
2023-01-31,Gautam Adani is facing perhaps his biggest challenge yet as a small U.S. investment firm accuses his Indian conglomerate of fraud and stock manipulation.
2023-02-14,The prospect of a drop in the pace of inflation has recently lifted hopes that the Federal Reserve will soon stop increasing interest rates.
2023-03-17,"Stocks, bonds and commodities markets are all sending different signals. Although the S&P 500 rose this week, oil prices fell along with bond yields, signaling that investors are worried about the economy."
2023-03-09,"The central bank’s success or failure will affect your wallet and, maybe, the next election, our columnist says."
2023-03-14,"Across the country, banks of various sizes are battling market turmoil as customers rushed to withdraw their deposits and investors, worried about more bank runs, dumped bank stocks."
2023-03-10,The collapse of Silicon Valley Bank added to worries about the economy. The S&P 500 suffered its sharpest weekly decline of the year.
2023-03-21,"Relief over recent financial rescue measures pushed stocks up for a second day, as investors prepared for a pivotal decision from the Federal Reserve on interest rates."
2023-03-17,"The S&P 500 jumped, along with shares of First Republic Bank and other regional lenders."
2023-03-15,"Stomach-churning volatility in stocks, bonds and other assets on Wednesday reflected renewed worries about the state of the economy and the risks lurking in the financial system."
2023-03-08,"Investors were alarmed at suggestions by Jerome Powell, the Federal Reserve’s chairman, that interest rates could go even higher in a bid to halt inflation."
2023-03-22,There had been widespread uncertainty about whether the Federal Reserve would continue raising rates after turmoil in the banking industry.
2023-03-18,"Watching the banking industry descend into turmoil is unnerving. But unless your financial goals have changed, embrace inaction."
2023-04-14,"In 2022, conditions were heavily in stock pickers’ favor, but most trailed the market. This year looks worse, our columnist says."
2023-04-06,"Inflation, recession and labor market concerns loom large over the stock market ahead of Friday’s jobs report."
2023-04-05,He wrote a program that allowed people to buy and sell stocks on their home computers and co-founded a company that reaped its benefits.
2023-04-12,"Stocks were higher and government bond yields were little changed on Tuesday morning, as investors braced for more unwelcome signs that inflation remains stubborn."
2023-04-07,"Investors are braced for a short, bruising bout in the bond market on Friday, fearing new numbers on the pace of hiring will add to signs that the economy is slowing down."
2023-04-13,"The outlook for corporate profits has swiftly deteriorated, with inflation still fast and a banking scare prompting some investor caution."
2023-03-27,First Citizens agreed on Sunday to acquire the failed lender’s retail operations. Will the move convince investors that recent turmoil in the sector is over?
2023-04-26,"Bud Light’s marketing effort with a transgender influencer has put it “in the center of the culture wars in a way that no company could possibly want to be,” one observer said."
2023-04-25,"Remote work and rising interest rates are dealing a double blow to office landlords, with potentially grave consequences for the city and even national economy."
2023-04-27,Republicans are increasingly taking on corporations they denounce as “woke.” The Florida governor is just the latest to find that it isn’t easy.
2023-05-24,Investors have again rushed into the conglomerate controlled by Gautam Adani after a panel signaled that the investigation into the company’s finances was getting nowhere.
2023-05-12,The Los Angeles-based lender said that its falling stock price ignited customers’ “fears of the safety of their deposits.”
2023-05-02,"The bank’s collapse stopped short of derailing the broader market, with markets focusing instead on corporate profits and the Federal Reserve’s next decision on interest rates."
2023-05-19,"The odds of a U.S. default are low, but the consequences could be dire. Our columnist explains how financial markets are assessing the risks."
2023-05-03,"The relative calm that met the collapse of First Republic Bank on Monday was shattered on Tuesday, with broad-based declines across industries."
2023-05-09,"Turmoil in the banking sector could have a knock-on effect on clearinghouses, the intermediaries between buyers and sellers in financial markets."
2023-05-26,"A host of issues face the markets, beyond the prospect of a possible default on U.S. debt. Hedge your bets and ride it out, our columnist says."
2023-05-04,"The regional lender said it is weighing its options, after its shares fell despite assertions by the Federal Reserve that the recent bank crisis is contained."
2023-05-03,"A ‘shock pause’ by the central bank would spook an already jittery market, one analyst said, even as shares in regional lenders fall."
2023-05-06,"PacWest and Western Alliance, the banks at the center of the latest phase of the crisis, recouped a chunk of earlier losses, as robust economic data also heartened investors."
2023-06-01,"Gains have been concentrated in tech, leaving the fate of the rest of the economy open to question."
2023-06-16,"Stocks still haven’t returned to their last peak, and our columnist is in the camp that says this isn’t a bull market yet. But he’s buying stock anyway."
2023-06-23,"Investors this week appeared more cautious, ending a long streak of market gains after the Fed also erred on the side of caution last week."
2023-06-16,The stock market is on its longest winning streak since 2021. Some investors see trouble ahead.
2023-06-02,They initially reacted enthusiastically to China’s reversal of pandemic restrictions but have since taken a dimmer view of the country’s recovery.
2023-06-06,"The S&P 500 ended the day nearly 20 percent above its low last year, within a hair of a milestone for some market watchers. But assessing a bona fide bull market is not so simple."
2023-06-13,"The S&P 500 has climbed more than 20 percent from a 2022 low, a marker of a new phase of exuberance in the markets."
2023-06-26,He overturned the traditional approach to buying stocks by examining the relationship between risk and reward.
2023-05-26,"A host of issues face the markets, beyond the prospect of a possible default on U.S. debt. Hedge your bets and ride it out, our columnist says."
2023-05-26,Stock and bond trading suggest that investors see an imminent deal to raise the debt limit and prevent the federal government from defaulting.
2023-07-07,"Devastated at the height of the pandemic, cruise lines have become top performers."
2023-06-26,He overturned the traditional approach to buying stocks by examining the relationship between risk and reward.
2023-07-14,"Companies are expected to report a fall in profits, but some analysts see brighter times ahead."
2023-07-14,"While stocks, bonds and money market funds have generated positive returns for the year, a quirk in the calendar is creating deceptively strong performances."
2023-07-07,"Economists have forecast that employers created 225,000 jobs last month. A bigger-than-expected number could complicate the Federal Reserve’s efforts to tame inflation."
2023-07-21,Lowering inflation to 2 percent without causing a recession and throwing people out of work would be a rare achievement. The markets are acting as if it has already happened.
2023-07-19,"New guidelines show that despite legal setbacks, top competition officials intend to maintain a tough approach to takeovers and technology giants."
2023-07-22,The government’s new 31-point guidelines meant to inspire confidence feel empty to businesspeople after a three-year clampdown and no concrete changes.
2023-07-25,A look at history shows that the burden of proof is on the optimists.
2023-06-30,"As companies begin to report earnings and make forecasts, investors are looking for signs of resilience, while executives are playing cautious."
2023-08-16,A string of worrying data has taken the fizz out of markets.
2023-07-27,"Stock markets often exhibit caution ahead of major events like Fed meetings, waiting until there is clarity over the central bank’s next move."
2023-08-09,The co-working company will seek to raise capital as it searches for a chief executive. Its battered stock plunged further.
2023-08-18,The prospects for a soft landing for the economy and the markets look better than they have in months. Our columnist is still worried.
2023-08-18,"The Hang Seng Index has fallen more than 20 percent from its recent high, as investors grow more pessimistic about China’s post-pandemic recovery."
2023-08-19,"A new study found that workers often don’t understand equity compensation, exposing them to exploitation."
2023-08-16,Investors are worried about the Chinese economy teetering as well as signs that the U.S. economy may be growing too fast for inflation to moderate.
2023-08-11,"Financial troubles at Country Garden, the last big developer to avoid default, set off panic in the markets and angry comments on social media."
2023-08-14,"A downturn in the world’s second biggest economy, and growing fears about its real estate sector, are making investors jittery."
2023-07-26,Analysts warn that bankruptcies and defaults could jump as the world adjusts to higher interest rates.
2023-08-31,"His investment strategy, which tracked the flow of money, won him a reputation for prescience in the 1990s."
2023-09-16,"Stocks are mired in a holding pattern. The big question, our columnist says, is when will the Federal Reserve start to cut interest rates?"
2023-08-25,"After a fierce rally largely propelled by a handful of tech stocks, the market’s rapid climb stalled in August. That setback could ultimately be a good thing, our columnist says."
2023-09-21,"Its close ties to Beijing are putting the city, still an international financial hub, in a bind as it lures Western investors to revive its economy."
2023-09-14,"The chip designer will begin trading on Thursday, in the biggest listing of the year. Investors hope it will rejuvenate demand for new stock offerings."
2023-09-05,"The labor market is more vulnerable than it looks, so the Federal Reserve should tread carefully."
2023-09-05,Some economists are playing down the chances of a downturn. But investors and voters aren’t feeling nearly as optimistic.
2023-09-09,"Doing business in China, once seen as a can’t-miss opportunity, poses a troubling quandary: Reasons to stay can be as compelling as the reasons to retreat."
2023-09-06,Analysts see Brent crude climbing to levels last seen in the first months of the Ukraine war after Saudi Arabia and Russia extended production cuts.
2023-08-26,The one-time Wall Street darling has lost 92 percent of its stock value since its I.P.O. Can the former tire and power tool executive reclaim the luxury goods site’s luster?
2023-10-11,Birkenstock is entering the market with hopes to grow its business in Asia and the United States.
2023-10-01,"Pegged to the movie “Dumb Money,” a discussion of the growing stupidity in the stock market."
2023-10-06,Factors including catastrophes linked to climate change are prompting insurers to raise premiums — a “hardening” market.
2023-10-21,"The 10-year U.S. Treasury yield has threatened to break above 5 percent for the first time in 16 years, rattling the markets."
2023-10-06,"Employment data for September showed surprising strength in the economy, but that resiliency has become a cause for concern among investors."
2023-10-03,The report from the Labor Department is the latest reading on how the economy is withstanding the escalation of interest rates.
2023-10-06,"Most people have lost money in the markets over the last several months, but people who have held on have prospered, our columnist says."
2023-10-20,"Back in 1994, bonds with fabulous yields were there for the taking. Our columnist doesn’t see treasures like that now, but there are solid buys."
2023-09-28,"The S&P 500 is trading at a three-month low as surging oil prices, rising bond yields and concerns about economic growth send investors to the exits."
2023-10-08,A coterie of tech insiders believe that “prediction markets” can fix social ills. Are they right?
2023-10-27,"Soaring interest rates have the power to alter the direction of the economy and command the attention of Washington, our columnist says."
2023-11-20,"The tech giant moved quickly to hire Sam Altman and others after their abrupt departures from OpenAI, a key Microsoft partner."
2023-11-10,A disappointing Treasury auction and hawkish comments by the Federal Reserve’s chair underscored investor fears about inflation.
2023-11-04,A series of data reports and actions by policymakers have led investors to reassess their assumptions about interest rates and the economy.
2023-11-10,He masterminded the building of a transoceanic fiber-optics network to speed the internet and phone traffic. But in five years the company went bankrupt in a historic failure.
2023-10-25,Google’s parent company reported that sales were up 11 percent from a year ago while profit jumped 42 percent to $19.7 billion.
2023-11-15,Shares of smaller companies surged as yields on government bonds tumbled.
2023-11-03,"The market is focused on making money now and isn’t heeding urgent warnings about climate change, our columnist says."
2023-11-13,"President Biden and his Chinese counterpart, Xi Jinping, are set to meet on Wednesday, as the two seek to maintain ties despite trade tensions."
2023-11-10,"While two leading prediction markets are fighting regulatory restrictions in court, wagers on politics and economics are still being made."
2023-11-24,"There’s new evidence that market timing doesn’t work. Your odds of success are better if you just hang on and aim for average returns, our columnist says."
2023-12-22,"Bond prices are up. Nobody knows why, but it’s good news."
2023-12-14,"Stock and bond markets have been rallying in anticipation of Federal Reserve rate cuts. But don’t get swept away just yet, our columnist says."
2023-11-29,"Small businesses and risky borrowers face rising costs from the Federal Reserve’s moves, but the biggest companies have avoided taking a hit."
2023-12-22,Investors await Friday’s inflation report for clues on what the Fed will do next on rates. But it is not the only data point Wall Street is watching.
2023-12-02,"The S&P 500 has risen over 10 percent from its October low, with November its best month of the year."
2023-12-15,"For years, Farfetch was a tech darling that powered much of online luxury shopping. Now it is teetering on the brink of collapse."
2023-12-06,The Communist Party’s main theoretical journal has laid out a new ideological framework for the financial system that emphasizes the primacy of China’s top leader and Marxist principles.
2023-12-14,"The Fed’s rate increases since March 2022 have sent shock waves through financial markets, raising borrowing costs on things like mortgages and government debt and weighing on the stock market."
2023-12-08,The state heads into next year with projections of one of its worst budget deficits since the early 1990s recession. Reserves should help cushion the blow.
2023-12-22,"Bond prices are up. Nobody knows why, but it’s good news."
2024-01-20,"It doesn’t mean stocks will continue to rise indefinitely, but it does reflect a generally optimistic outlook on Wall Street."
2024-01-20,The S&P 500 crossed above its January 2022 peak after weeks of wavering. Investors have been buying stocks after homing in on signals that the Fed’s campaign of raising interest rates is over.
2023-12-29,"Investors worried about China’s economy shunned Hong Kong’s stock market, once one of the biggest and most important in the world."
2024-01-17,"Pessimism among investors was most pronounced in Hong Kong, where stocks have plunged by 10 percent so far this year."
2024-01-13,"The stock market’s long-term path has been persistently upward, our columnist says, but there have been plenty of setbacks and it’s wise to prepare for more."
2024-01-20,"Compound returns that grow as stocks rise over the decades are far more important than the latest high, our columnist says."
2023-12-29,Wall Street’s forecasts mostly missed this year’s bull market rally. Here’s what strategists are saying about 2024.
2023-12-22,Investors await Friday’s inflation report for clues on what the Fed will do next on rates. But it is not the only data point Wall Street is watching.
2024-01-02,"Long-term investment in India by businesses is stagnant, and foreign money is falling, even as the government is driving growth with infrastructure spending."
2024-01-24,"It’s not the value, it’s the vibes."
2024-01-31,"Environmentalists and American meat producers alike are asking regulators to keep JBS, the world’s biggest meatpacker, off the New York Stock Exchange."
2024-02-03,The trillion-dollar social media giant’s market value soared after it reported a robust profits driven by digital advertising.
2024-02-16,Most active fund managers beat the market at the start of the year. But history suggests that they’re not likely to keep doing so for long.
2024-02-08,"In addition to consumer price declines in January, wholesale prices fell last month, and have been down in every month since October 2022."
2024-01-29,The long-embattled property developer was finally ordered to liquidate. What comes next will test Western companies’ appetite to keep operating in China.
2024-01-26,A change in perception among investors about China and Japan is one of the biggest themes in the markets right now.
2024-02-01,"Vague comments about possible future rate cuts were all that central bankers gave the markets. Patience will be difficult at this tricky moment, our columnist says."
2024-01-24,"The 20 best-performing hedge funds made $67 billion in gains last year, a big jump from the year before."
2024-02-05,Lee Jae-yong’s case had raised questions about the immense power that chaebol leaders wield and the legal system holding them to account in South Korea.
2024-03-18,"In London, “competitive socializing” transforms pubs into stock exchanges, golf courses and cricket fields for those looking for more elaborate drinking games."
2024-03-22,The social media company’s debut on the New York Stock Exchange was one of the first major tech initial public offerings of the year.
2024-02-23,"The market for new listings has been rough for investors, but the social media company believes it has a secret weapon in its prospectus: its users."
2024-03-16,The members club operator disclosed improving financial results as it faces criticism from a short seller and weighs going private again.
2024-03-08,"Management told investors that deposits had fallen, but the bank’s shares jumped on the details of a shift in strategy and large cash infusion led by the former Treasury secretary Steven Mnuchin."
2024-02-22,The chipmaker’s high “price to sales” ratio reflects investor enthusiasm around its growth prospects. But relying on that metric created trouble during the dot-com boom.
2024-03-06,"Lawmakers on Capitol Hill are set to grill Jay Powell, the Fed chair, about interest rates and the economy, topics that are top of mind for voters and investors alike."
2024-02-22,"Amid blowout earnings, the chipmaker Nvidia predicted the start of a “10-year cycle” of growth fueled by artificial intelligence."
2024-02-21,"Wall Street is closely watching the semiconductor giant’s earnings report, as questions swirl over its massive stock market valuation on the back of the boom in artificial intelligence."
2024-03-13,"The site, a throwback to an earlier era of social media, is poised to go public as soon as next week. It hasn’t been easy to reach this point."
2024-04-12,"Prediction markets say former President Donald J. Trump has a good chance of winning. So far, the stock market is fine with that."
2024-03-22,The social media company’s debut on the New York Stock Exchange was one of the first major tech initial public offerings of the year.
2024-03-22,The influx of cash reflects optimism about the economy and company earnings despite high interest rates and stubborn inflation.
2024-03-29,"The S&P 500, rising 10 percent, set the pace as investors looked forward to interest rate cuts."
2024-04-16,Funds that bet on a fall were set to profit as the parent of Truth Social came under renewed pressure after it registered new shares for a potential sale.
2024-04-05,"Robert Shiller, the Nobel laureate, says valuations adjusted for high inflation suggest stock returns for the next decade are likely to be modest."
2024-03-23,"Corrections that appeared in print on Saturday, March 23, 2024."
2024-04-04,"The parent company of Truth Social is a popular target for short-sellers, even after they lost $100 million last month betting on a decline in the stock that didn’t come."
2024-03-22,"Having closed the merger of his social media company, Mr. Trump could find ways to raise cash against the value of his stake in the company, estimated at more than $3 billion."
2024-03-27,"Trump Media attracted a frenzy of interest on its first day of trading, and is now worth nearly $8 billion. Here are the basics of what’s happening."
2024-05-16,"Investors seized on the latest inflation report as another sign that interest rates could be cut this year, helping push the S&P 500 past its March record."
2024-04-25,"Chad Nedohin, a part-time pastor, is among the fans of Donald J. Trump who helped turn Trump Media into a meme stock with volatile prices."
2024-05-16,"In their first few weeks of trading, shares of Truth Social’s parent company soared, then crashed, and have recently made a strong recovery. Former President Donald J. Trump’s holding is now worth about $6 billion."
2024-05-14,"A heady market rally extended to a second day after Keith Gill, the trader known as Roaring Kitty who rallied small investors to buy out-of-favor stocks in the pandemic, returned to social media."
2024-04-27,"He heralded stock options and golden parachutes as a professor at Harvard Business School, influencing a generation of Wall Street executives."
2024-05-03,"Wage growth and hiring slowed in April, prodding investors to slightly increase their bets on rate cuts this year."
2024-05-07,TotalEnergies and Shell are contemplating the advantages of listing shares in the United States to strengthen what they say are low market valuations.
2024-05-14,"The White House has imposed $18 billion in new duties on Chinese imports, but it’s unclear how much that will help his economic agenda."
2024-05-16,Stocks on both sides of the Atlantic set records as investors foresee interest rates moving in one direction: down.
2024-05-17,"Signaling growing alarm, policymakers ramped up efforts to stem a continued decline in real estate values."
2024-06-14,"The S&P 500 has been buoyant mainly because of A.I. fever, while bonds are having another mediocre year. But as an investor, our columnist is staying the course."
2024-06-13,A huge run-up in the stock’s value followed a 2018 vote on Elon Musk’s compensation package. But investors have recently become less enamored.
2024-06-04,A bull run came to an abrupt end when Narendra Modi’s party fell short of expectations.
2024-06-03,A post on a long-dormant Reddit account suggested the trader known as Roaring Kitty had amassed a large stake in the video game retailer.
2024-05-28,"The city, promised some autonomy by China, is trying to move on from a security law imposed by Beijing. Companies are learning that’s not always possible."
2024-06-14,About 72 percent of shares in the balloting affirmed the chief executive’s lucrative stock award. The company hopes to get a court to reinstate it.
2024-06-19,The chip maker’s stock price has jumped over the last year thanks to its stranglehold on the market for the chips needed to build A.I. systems.
2024-05-31,"Shares of the Truth Social parent whipsawed after former President Donald Trump, the company’s largest investor, was convicted in his hush-money trial."
2024-06-07,Stocks have recently set records as investors bet that the Federal Reserve might opt to cut interest rates sooner than previously expected.
2024-06-18,"He co-founded D.L.J., the first securities firm to offer shares to the public. As S.E.C. chairman, he pressed for a stronger watchdog role after a series of accounting scandals."
2024-07-19,"Traders appear to be focused on possible Fed rate cuts and corporate earnings, and are remarkably indifferent to political fortunes, our columnist says."
2024-06-25,"Chinese companies’ stock market listings once flooded Wall Street. These days, China’s initial public offerings are in a drought."
2024-06-26,"The plane maker is expected to soon strike a deal to acquire most of the operations of Spirit AeroSystems, a troubled supplier that makes the bodies of the 737 Max."
2024-06-27,"Tax policy, inflation, the economy and markets will be some key issues for corporate America and Wall Street in tonight’s showdown between President Biden and Donald Trump."
2024-07-16,"Donald Trump’s running mate is pro-labor, a fan of crypto and the F.T.C.’s Lina Khan, and says Big Tech is too powerful."
2024-07-15,Shares of Donald J. Trump’s social media company surged more than 30 percent on the first day of trading after the assassination attempt on the former president.
2024-06-28,"The S&P 500 has climbed sharply this year, with few big swings. Below the surface, though, there’s a great deal of turmoil"
2024-07-05,"A gain of 206,000 in June exceeded forecasts. Hiring was concentrated in a few parts of the economy, however, and unemployment rose to 4.1 percent."
2024-07-08,"The deal, approved by Paramount’s board, would usher in a new chapter for the company, which owns CBS and the movie studio behind “Top Gun.”"
2024-06-20,Portfolio managers have conflicting incentives as the economic and financial risks from climate change become more apparent but remain imprecise.
2024-08-05,The Federal Reserve cuts rates outside of scheduled meetings only in extreme cases. But job market weakening could make for bigger rate cuts down the road.
2024-08-06,Monday’s tumult reflects an underlying reality: The U.S. job market is cooling.
2024-08-05,There is no reason to think that you can predict what will happen in the markets in the next few hours or in the near future. It’s better not to try.
2024-08-07,"Analysts and investors have many explanations, including worries about the health of the U.S. economy and shifts in the value of the Japanese yen."
2024-08-06,Economists blamed a variety of factors for Monday’s slide. But Donald Trump was trying to disrupt weeks of momentum for Vice President Kamala Harris and her party.
2024-07-19,"Traders appear to be focused on possible Fed rate cuts and corporate earnings, and are remarkably indifferent to political fortunes, our columnist says."
2024-07-25,Shifting views on the economy have led to a “rotation” in the stock market. Small stocks and companies geared toward the economic cycle are rising. Big Tech is lagging.
2024-08-06,"Former President Trump is trying to stoke economic angst, while Vice President Harris projects optimism."
2024-08-07,"The fragility of a more-than-yearlong stock rally in Japan, fueled in part by a weak yen, has been exposed by the sudden strengthening of the currency."
2024-08-09,"Take a deep breath and make sure you’re well positioned for a potential storm, our columnist says. But stick it out for the long haul."
2024-08-22,"On Wall Street, claims that a president is responsible for the fate of the stock market are largely dismissed as bluster."
2024-08-19,"Alarmed by the prospect of increased tariffs on Chinese goods if Donald Trump is elected, some American companies are stockpiling parts and delaying expansions."
2024-08-23,"With the political conventions behind us and a rate cut expected soon, the market has been rallying, yet our columnist says it’s safer to play a longer game."
2024-08-29,The conglomerate joined a small club of companies that have crossed the mark.
2024-08-28,The former president’s plans for a second term are very likely to have unintended consequences.
2024-08-21,Walmart has divested as its e-commerce partner has struggled to maintain its market share in the country’s cutthroat online sales industry.
2024-08-31,"Despite war in the Middle East and political turmoil in Libya, investors are focusing on what look like ample global supplies."
2024-08-18,"Artists saw six-figure sales and heard promises of stardom. But with the calamitous downturn in the art market, many collectors bolted — and prices plummeted."
2024-08-23,"Brian Niccol, the incoming head of Starbucks, has a C-suite perk that has raised eyebrows in post-pandemic office culture: an interstate commute on a plane."
2024-08-22,"Investors are anxiously awaiting Jerome Powell’s policy speech at a symposium in Jackson Hole, Wyo., on Friday, as labor data suggests the economy is slowing."
2024-09-04,"The S&P 500 fell more than 2 percent on Tuesday, its biggest single-day drop since an early August meltdown."
2024-09-03,"A real estate collapse has made consumers cautious and businesses wary, as China confronts a crisis unlike any other since it opened its economy to the world."
2024-09-02,"From the giant Starbucks to upstarts like Scooter’s Coffee in Nebraska, the battle is joined for who can come up with the craziest, calorie-laden, not-really-coffee drink."
2024-09-03,"A debate is brewing among investors and entrepreneurs: Are hands-on founders, such as Steve Jobs and Brian Chesky of Airbnb, the key to start-up success?"
2024-09-01,"Acadia Healthcare is holding people against their will to maximize insurance payouts, a Times investigation found."
