Ticker,óòâvó¶(2ä˙ëO),óòâvó¶(1ä˙ëO),óòâvó¶(ç°îN),é¿ê—PER,ó\ëzPER,ROE,îÑè„çÇ(2ä˙ëO),îÑè„çÇ(1ä˙ëO),åªç›ÇÃäîâø,ç≈çÇíl(2ä˙ëO),ç≈à¿íl(2ä˙ëO),ç≈çÇíl(1ä˙ëO),ç≈à¿íl(1ä˙ëO),ç≈çÇíl(ç°îN),ç≈à¿íl(ç°îN),ÉjÉÖÅ[ÉX,äÈã∆URL
CVX,10.40%,16.90%,13.30%,14.6,12.4,11.80%,1.55606E+11,2.35717E+11,147.9,175.4,105.5,175,135.8,163.6,135.2,3 Reasons to Buy High-Yield Chevron Stock Like There's No Tomorrow;3 Can't-Miss Dividend Stocks to Buy Hand Over Fist This September;Chevron Corp (CVX): A Good 52-Week Low Stock to Buy Now According to Short Sellers;Forget Devon Energy  These Unstoppable High-Yield Stocks Are Better Buys;ExxonMobil's Guyana Oil: A Trillion-Dollar Opportunity?;Chevron Corporation (CVX) Is a Trending Stock: Facts to Know Before Betting on It;Declining Stock and Decent Financials: Is The Market Wrong About Chevron Corporation (NYSE:CVX)?;Volatility Worries? These Oil Stocks Resilient: CVX  COP  EOG,https://www.chevron.com
CAT,13.50%,14.90%,19.30%,16.2,15.5,62.20%,50971000000,59427000000,356.1,237.2,154.4,295.5,199.5,379.1,273.5,Those who invested in Caterpillar (NYSE:CAT) five years ago are up 225%;Titan Machinery Meets on Q2 Earnings  Lowers FY25 View on Soft Demand;5 Stocks That Powered Dow ETFs Over the Past Week;Caterpillar Inc. (CAT) is Attracting Investor Attention: Here is What You Should Know;Here's Why Caterpillar (CAT) is a Strong Momentum Stock;Is Now An Opportune Moment To Examine Caterpillar Inc. (NYSE:CAT)?;Insider Sale at Caterpillar Inc (CAT): Chief Human Resources Officer Cheryl Johnson Sells Shares;Zacks Industry Outlook Highlights Caterpillar  Hitachi Construction Machinery  Terex and Hyster-Yale,https://www.caterpillar.com
PEP,14.00%,13.10%,14.10%,25.1,19.7,51.30%,79474000000,86392000000,172.9,178.8,143.9,189.7,152.3,182,158,Don't Buy PepsiCo  Inc. (NASDAQ:PEP) For Its Next Dividend Without Doing These Checks;Worried About a Stock Market Sell-Off? Consider Coca-Cola  Pepsi  and These 3 Safe Dividend Kings for Decades of Passive Income.;Forget Celsius Holdings: This Stock Has Made Far More Millionaires;PepsiCo Stock: Buy  Sell  or Hold?;PEP Stock Moves Mere 5% in Six Months: Time to Sell or Stay Patient?;PepsiCo Announces Timing and Availability of Third-Quarter 2024 Financial Results;Mountain Dew claims its own time zone with geofenced offer  TikTok push;Deutsche Bank Adjusts Price Target on PepsiCo to $181 From $175  Maintains Hold Rating,https://www.pepsico.com
KO,28.60%,28.00%,28.60%,29.5,26.4,38.80%,38655000000,43004000000,72.5,62.8,51.2,62.5,50.3,72.6,57.5,Coca-Cola's (NYSE:KO) five-year earnings growth trails the 8.9% YoY shareholder returns;3 Sweet Dividend Stocks to Buy for a Satisfying Passive Income Stream;Worried About a Stock Market Sell-Off? Consider Coca-Cola  Pepsi  and These 3 Safe Dividend Kings for Decades of Passive Income.;Coca-Cola: Buy  Sell  or Hold?;3 Dividend Stocks to Buy Now and Hold Forever;Warren Buffett turns 94 today. His secret to longevity? Coca-Cola  candy  and a life of joy;This Warren Buffett Dividend King Stock Just Notched An All-Time High. Here's Why I Still Think Now is The Time to Buy Hand Over Fist.;3 Magnificent Stocks That Created Many Millionaires and Will Continue to Make More,https://www.coca-colacompany.com
BAC,35.90%,29.00%,26.90%,14.3,12.3,8.50%,89113000000,94950000000,40.8,46.9,27.9,35.4,24.4,44.4,30.9,Possible Bearish Signals With Bank of America Insiders Disposing Stock;Could New York Community Bancorp Become the Next Bank of America?;Warren Buffett's Strategic Reduction in Bank of America Shares;Berkshire Hathaway Sells About $850 Million Worth of Bank of America Shares;Billionaire Buffett again sells BofA shares worth about $845 million;Buffett Sells BofA Stock Again  and Soon He May Trade in Secret;Bank Of America Insider Sold Shares Worth $3 662 060  According to a Recent SEC Filing;Bank of AmericaÅfs Leung Is Said to Join HK Tycoon LiÅfs CK Asset,https://www.bankofamerica.com
GS,36.50%,23.80%,18.40%,16.4,12.2,9.50%,59339000000,47365000000,510.2,382.4,260.5,380.5,281.6,514.2,365.1,Speculative Traders Turn Short Dollar as Fed Rate Cuts Loom;Goldman Sachs reportedly cutting 1 300 jobs;Update: Market Chatter: Goldman Sachs Reportedly to Cut At Least 1 300 Employees Following Yearly Performance Review  WSJ Says;Goldman Sachs to Lay Off Over 1 300 Workers;Market Chatter: Goldman Sachs Reportedly to Cut At Least 1 300 Employees Following Yearly Performance Review  WSJ Says;Goldman to lay off a few hundred employees in annual talent review  source says;Jason Gordo: HereÅfs Our Wealth Management FirmÅfs Blueprint for Double-Digit Organic Growth;CoreCard Corp (NYSE:CCRD) A Bull Case Theory,https://www.goldmansachs.com
MS,26.60%,22.00%,17.90%,17,13.5,10.40%,56414000000,50210000000,103.6,99.9,66.2,95.3,67.4,108.1,80.9,Morgan Stanley updated its Dividend Equity Portfolio  dropped this big tech name;Are You Looking for a High-Growth Dividend Stock?;Big banks are taking heat for paying low rates on idle cash;Morgan Stanley Hires Ex-Brevan Howard Latam Economist Cabiedes;Oil Surges With Focus on US Economy and Libyan Supply Outage;Morgan Stanley (MS) Rises As Market Takes a Dip: Key Facts;Morgan Stanley Previews This Week's Eurozone Inflation;Morgan Stanley Gains 9.5% YTD: Will Rate Cuts Boost MS Stock?,https://www.morganstanley.com
JNJ,26.60%,27.80%,27.50%,25.1,17.1,22.10%,78740000000,79990000000,165.9,173.6,144.8,171.6,140.5,166,140.9,These Four Dividend Kings Could Thrive Even If The Consumer Falters;Is Johnson & Johnson the Best Dividend Stock for You?;Worried About a Stock Market Sell-Off? Consider Coca-Cola  Pepsi  and These 3 Safe Dividend Kings for Decades of Passive Income.;Johnson & Johnson's (NYSE:JNJ) Stock Has Seen Strong Momentum: Does That Call For Deeper Study Of Its Financial Prospects?;J&J targets generalised myasthenia gravis landscape with nipocalimab;JNJ Seeks First FDA Nod for Autoimmune Disease Drug Nipocalimab;J&J launches MatrixSternum fixation system for cardiac surgery in the US;Johnson & Johnson Seeks FDA Approval For Muscle Weakness Drug And Gears Up Showdown With Argenx and UCB,https://www.jnj.com
MRK,27.10%,30.80%,4.90%,21.9,12.1,33.40%,48704000000,59283000000,118.4,108.5,67.8,115.8,97.2,134.6,107.8,Merck & Co.  Inc. (NYSE:MRK) Stock's Been Sliding But Fundamentals Look Decent: Will The Market Correct The Share Price In The Future?;Merck Scraps Two Late-Stage Keytruda Studies on Disappointing Data;Merck Pulls Plug On Two Keytruda Late-Stage Studies On Underwhelming Data;MSD discontinues two Phase III Keytruda trials;Keytruda fails lung and skin cancer trials  limiting further expansion;Merck to Participate in the Morgan Stanley 22nd Annual Global Healthcare Conference;Merck Provides Update on Phase 3 KEYNOTE-867 and KEYNOTE-630 Trials;Citic Securities Initiates Merck & Co. at Buy With $136 Price Target,https://www.merck.com
AAPL,29.80%,30.30%,29.80%,34.9,33.9,160.60%,3.65817E+11,3.94328E+11,229,180.2,124.7,198.9,123,237,163.7,Apple Inc. (AAPL): A Leading 5G Innovator According to Short Sellers;Crucial September jobs report kicks off a new month: What to know this week;Warren Buffett Just Sold 389 368 450 Shares of Apple Stock. Was That a Good Idea?;Could Apple Help You Retire a Millionaire?;5 big analyst AI moves: ÅeBuy Nvidia pullback Åf Apple named Top AI Pick;Apple Inc. (AAPL): Among Goldman SachsÅf Best Hedge Fund Stock Picks;Tech titans target OpenAI deal  including Nvidia;Apple Inc. (AAPL): This AI Stock Is Trending Right Now,https://www.apple.com
NVDA,37.30%,20.70%,54.10%,55.8,33.3,123.80%,26914000000,26974000000,119.4,30.7,10.8,50.5,14,140.8,47.3,"Dow Jones Futures: S&P 500 Power Trend Starts; Tesla Rival Leads 7 Stocks In Buy Zones;NVIDIA Corporation (NVDA): A Top Contender in the 5G Market According to Short Sellers;1 ""Magnificent Seven"" Stock That Could Go Parabolic if the Fed Cuts Rates in September;Nvidia is a shareholder's dream  but the easy money has been made: Analyst;Crucial September jobs report kicks off a new month: What to know this week;Think It's Too Late to Buy Nvidia Stock? Here's the Biggest Reason Why There's Still Time;1 Technology ETF to Buy With $1 000 and Hold Forever;Is It Too Late to Buy Nvidia Stock?",https://www.nvidia.com
INTC,27.90%,3.70%,0.10%,91.8,21.4,0.80%,79024000000,63054000000,22,52.2,23.4,50.6,24.1,49.6,18.8,Exclusive-Intel CEO to pitch board on plans to shed assets  cut costs  source says;Where Will Intel Stock Be in 1 Year?;Intel Corporation (INTC): This AI Stock Is Trending Right Now;Intel's future suddenly may be in doubt;Will TSMC Be Worth More Than Apple by 2030?;Apple Intelligence is the best reason yet to finally upgrade to an Apple Silicon Mac;U.S. stocks higher at close of trade; Dow Jones Industrial Average up 0.55%;'Time is running out' for Intel CEO Patrick Gelsinger: Analyst,https://www.intel.com
AVGO,31.60%,43.00%,45.90%,69.9,29.8,22.20%,27450000000,33203000000,162.8,63.2,39.9,114.2,53.4,184.6,103.4,Broadcom Inc. (AVGO): A Leading Player in the 5G and AI Revolution According to Short Sellers;Investors in Broadcom (NASDAQ:AVGO) have seen fantastic returns of 551% over the past five years;Crucial September jobs report kicks off a new month: What to know this week;What To Expect in the Markets This Week;Jobs Data  Broadcom Earnings  and What Else to Watch This Week;Broadcom Inc. (AVGO): This AI Stock Is Trending Right Now;Where Will Broadcom Be in 3 Years?;Should You Buy Broadcom Stock Before Sept. 5?,https://www.broadcom.com
GOOGL,30.60%,26.50%,27.40%,23.4,18.7,30.90%,2.57637E+11,2.82836E+11,163.4,151.4,83.2,142.5,84.8,191.8,130.5,Crucial September jobs report kicks off a new month: What to know this week;The Best Stocks to Invest $1 000 in Right Now;2 Monster Semiconductor Stocks to Buy Now;Prediction: 2 Artificial Intelligence (AI) Stocks Will Be Worth More Than Nvidia by 2029;The Recent Tech Sell-Off Made This Artificial Intelligence (AI) Stock an Even Better Buy;Alphabet Inc. (GOOG): Among Goldman SachsÅf Best Hedge Fund Stock Picks;Alphabet Inc. (GOOG): This AI Stock Is Trending Right Now;Thinking of Selling Nvidia Stock? This Larry Page Quote May Change Your Mind,https://abc.xyz
MSFT,42.10%,41.80%,44.60%,35.3,30.3,37.10%,1.9827E+11,2.11915E+11,417.1,330.1,209.8,382.2,216.2,467.5,364.5,"1 ""Magnificent Seven"" Stock That Could Go Parabolic if the Fed Cuts Rates in September;Is Microsoft Corporation's (NASDAQ:MSFT) Recent Performance Tethered To Its Attractive Financial Prospects?;Crucial September jobs report kicks off a new month: What to know this week;1 Technology ETF to Buy With $1 000 and Hold Forever;Microsoft Corporation (MSFT): Among Goldman SachsÅf Best Hedge Fund Stock Picks;Bill Gates' $100M Alzheimer's Research Support - His Visit To IU School Of Medicine And How He Recommends Preventing Alzheimer's;Billionaire Stan Druckenmiller Is Betting On Microsoft Corporation (MSFT);Microsoft Corporation (MSFT): This AI Stock Is Trending Right Now",https://www.microsoft.com
META,39.60%,24.80%,34.70%,26.6,23.9,35.40%,1.17929E+11,1.16609E+11,521.3,342.4,87.9,361.2,122,544.2,339.3,Crucial September jobs report kicks off a new month: What to know this week;3 Billionaire-Held Stocks to Buy Now;I Was Wrong About Snap Stock in 2022. Here's How I See It Now.;The Best Stocks to Invest $1 000 in Right Now;Cathie Wood Says Software Is the Next Big AI Opportunity -- 2 Super Stocks You'll Wish You'd Bought Today If She's Right;Meta Platforms  Inc. (META): Among Goldman SachsÅf Best Hedge Fund Stock Picks;Meta Platforms  Inc. (META): This AI Stock Is Trending Right Now;S&P 500 Giants Meta  Eli Lilly Lead 5 Stocks Near Buy Points,https://investor.fb.com
BABA,11.10%,11.90%,13.20%,21.2,8.4,5.70%,8.53062E+11,8.68687E+11,83.3,133.9,56,117.1,67.7,88.5,65.2,Alibaba Group Holding Limited (BABA): An Undervalued Tech Stock To Buy Now;Alibaba Group Holding Limited (BABA): Among Goldman SachsÅf Best Hedge Fund Stock Picks;China's economy isn't 'collapsing' like markets suggest: Expert;Top Midday Stories: Fed's Preferred Inflation Gauge Meets Expectations; Alibaba Cleared of Monopoly Allegations in China;Alibaba Gains after Chinese Regulators Complete 3-Year Antitrust Probe;Alibaba receives regulatory approval from ChinaÅfs antitrust watchdog;Alibaba stock pops after conclusion of regulatory overhaul;Alibaba Wins BeijingÅfs Approval  Ending Years-Long Scrutiny,https://www.alibabagroup.com
IBM,12.00%,13.50%,15.20%,22.3,20.9,36.20%,57351000000,60530000000,202.1,142,105.8,161.8,114.2,202.2,153.6,Largest U.S. Pension Bought Lucid Stock  and Sold Nvidia  IBM  and Walmart;International Business Machines Corporation (IBM): An Undervalued Tech Stock To Buy Now;U.S. stocks higher at close of trade; Dow Jones Industrial Average up 0.55%;Intel  IBM Partner to Deploy Gaudi 3 AI Accelerators on IBM Cloud to Help Scale Enterprise AI;HashiCorp  IBM $6.4 Billion Merger Seen As 'Favorable Outcome' for Shareholders  Truist Says;Artificial Intelligence (AI) Stocks Are Soaring in Price. Here Are 2 Bargains.;IBM Cloud to offer Intel's Gaudi 3 AI chips next year;IBM (IBM) Stock Moves 0.22%: What You Should Know,https://www.ibm.com
ORCL,37.30%,27.60%,30.30%,38,21.7,193.90%,42440000000,49954000000,141.3,86.1,59,125.7,80.2,146.6,100.7,With 44% ownership of the shares  Oracle Corporation (NYSE:ORCL) is heavily dominated by institutional owners;Time to Buy Salesforce (CRM) Stock After Strong Q2 Results?;Qualcomm and 3 Other AI Stocks Worth Considering Beyond Nvidia;Investors Heavily Search Oracle Corporation (ORCL): Here is What You Need to Know;Oracle Corporation (ORCL) Benefitted from Surge in AI Demand and Strong Booking Growth;Will Nvidia Continue to Dominate?;Oracle Helps Telcos Automate the Design  Delivery  and Monetization of New Customer Experiences;Oracle CorporationÅfs (ORCL) Investments are Yielding Positive Results,https://www.oracle.com
VZ,24.30%,22.30%,21.40%,15.7,8.9,12.10%,1.33613E+11,1.36835E+11,41.8,47.8,30.6,38,28.7,42.5,35.9,Verizon Communications Inc. (VZ): Analyzing Its Position Among the Top 5G Stocks;Should You Buy the 3 Highest-Paying Dividend Stocks in the Dow Jones?;Should You Buy the 3 Highest-Yielding Dividend Stocks in the S&P 500?;Verizon to speak at BofA Securities Media  Communications & Entertainment Conference Sept. 4;Verizon to speak at Citi 2024 Global TMT Conference September 5;Verizon Communications Inc. (NYSE:VZ) is a favorite amongst institutional investors who own 64%;Investors Heavily Search Verizon Communications Inc. (VZ): Here is What You Need to Know;Verizon Launches Satellite-Messaging Service: Stock to Benefit?,https://www.verizon.com
ASML,35.10%,30.70%,32.80%,47.4,27.3,48.60%,18611000000,21173400000,903.9,777,356.5,763.9,537.3,1108,692.1,ASML Dips 10.4% in 6 Months: Should You Hold or Fold the Stock?;Netherlands to weigh ASML's interests in China export restriction decision  PM says;Market Chatter: ASML's Ability to Maintain Chipmaking Equipment in China Faces Curbs From Dutch Government;2 Artificial Intelligence (AI) Stocks That Could Go Parabolic;ASML Could Be the Greatest Artificial Intelligence (AI) Stock You've Never Heard Of;3 Stocks That Can Help You to Get Richer in 2024;Recent ASML Sell-Off Is an Excellent Opportunity to Benefit From AI Tailwinds;Nasdaq Sell-Off: 2 Unstoppable Growth Stocks to Buy Right Now,https://www.asml.com
LRCX,31.20%,29.90%,28.70%,28.3,17.8,45.70%,17227039000,17428516000,821,710,293.7,798.1,400.8,1130,720,Lam Research Full Year 2024 Earnings: EPS Beats Expectations;Lam Research Corp (LRCX): A Strategic SWOT Insight;Lam Research Appoints Ita Brennan and Mark Fields to Board of Directors;Lam Research (LRCX) Down 4% Since Last Earnings Report: Can It Rebound?;Lam Research (LRCX) Stock Moves -0.97%: What You Should Know;Lam Research Corporation Announces a 15% Increase in Quarterly Dividend;Lam Research Dips 16% YTD: Should You Hold or Fold the Stock?;AI Chip Stocks Rally Faces New Headwinds - Why Are Nvidia  Taiwan Semiconductor  Broadcom And Marvell Tech Stocks Sliding?,https://www.lamresearch.com
MCHP,27.50%,36.90%,33.50%,32.7,24.5,20.70%,6820900000,8438700000,82.2,84.5,52,92.7,66,100,71.4,Is Microchip Technology Incorporated (NASDAQ:MCHP) Trading At A 31% Discount?;3 Dirt-Cheap Industrial Stocks to Catapult Higher on Lower Interest Rates;Q2 Rundown: Microchip Technology (NASDAQ:MCHP) Vs Other Analog Semiconductors Stocks;Microchip Technology Incorporated's (NASDAQ:MCHP) Fundamentals Look Pretty Strong: Could The Market Be Wrong About The Stock?;Microchip Technology flags 'potentially suspicious' network activity; stock slips;Chipmaker Microchip Hit by Cyberattack  Slowing Operations;Microchip Technology says certain operations disrupted by cyber incident;Microchip (MCHP) Expands SPE Solutions With LAN887x PHYs,https://www.microchip.com
ON,20.20%,33.20%,31.70%,17.7,16.4,25.20%,6739800000,8326200000,77.9,77.3,44.8,111.3,59.6,85.2,59.3,Is Now The Time To Look At Buying ON Semiconductor Corporation (NASDAQ:ON)?;Beyond the EV Hype: 2 Unstoppable Stocks That Can Reward You for Years;ON Semiconductor Corp. (ON) Up 2.8% Since Last Earnings Report: Can It Continue?;2 EV Chip Stocks Down 34% and 45% That Could Become Stealth Artificial Intelligence (AI) Plays;2 Tech Stocks Down 48% and 30% to Buy Right Now;Chip Stocks Have Swooned Since Nvidia Peaked in June. How That Could Change.;Here is What to Know Beyond Why ON Semiconductor Corporation (ON) is a Trending Stock;Prediction: These Could Be the Best-Performing Value Stocks Through 2030,https://www.onsemi.com
SWKS,31.70%,28.40%,24.20%,22.6,17,12.80%,5109100000,5485500000,109.6,152.7,72.3,118.2,82.8,120.1,87.9,Skyworks (SWKS) Down 6.1% Since Last Earnings Report: Can It Rebound?;Why Skyworks Solutions  Inc. (NASDAQ:SWKS) Could Be Worth Watching;3 Ways to Play Warren BuffettÅfs 56% Apple Stake Reduction;Heard on the Street: Apple Clock Ticks a Little Louder for Qualcomm;We Think You Can Look Beyond Skyworks Solutions' (NASDAQ:SWKS) Lackluster Earnings;US$115 - That's What Analysts Think Skyworks Solutions  Inc. (NASDAQ:SWKS) Is Worth After These Results;Skyworks (SWKS) Q3 Earnings Meet Estimates  Revenues Down Y/Y;Q3 2024 Skyworks Solutions Inc Earnings Call,https://www.skyworksinc.com
CTSH,15.30%,15.30%,15.10%,17.7,15.6,16.40%,18507000000,19428000000,77.8,89.6,49.6,75.9,55.1,80,63.5,Why Is Cognizant (CTSH) Up 1.1% Since Last Earnings Report?;Cognizant Completes Acquisition of Belcan;An Intrinsic Calculation For Cognizant Technology Solutions Corporation (NASDAQ:CTSH) Suggests It's 47% Undervalued;Cognizant Appoints Rajesh Varrier as Global Head of Operations and Chairman & Managing Director  India;Cognizant Technology Solutions' (NASDAQ:CTSH) five-year earnings growth trails the favorable shareholder returns;Is There Now An Opportunity In Cognizant Technology Solutions Corporation (NASDAQ:CTSH)?;Recession? Really? Come on...: Morning Brief;Why this tech CEO thinks Fed rates cuts will be a big deal,https://www.cognizant.com
BIDU,8.40%,12.90%,16.20%,11,7.5,8.10%,1.24493E+11,1.23675E+11,84.6,171.9,73.6,160.9,103.3,119.8,79.7,Baidu  Inc. (BIDU): A Good 52-Week Low Stock to Buy Now According to Short Sellers;Baidu  Inc. (BIDU): Top ADR Stock According to Hedge Funds;Baidu  Inc. (BIDU) is Attracting Investor Attention: Here is What You Should Know;Baidu-backed Jiyue seeks traction in China's premium EV market with second model launch;Asian chipmaking stocks sink tracking Nvidia losses;Baidu's Stock Is Down Nearly 30% in 2024. Is It a Value Play?;Baidu's Robotaxi Has been Getting Closer To Scalable Adoption With Unit Economics Breakeven In Sight: Goldman Sachs;Baidu  Inc. (BIDU): The Best Chinese Stock to Buy According to Wall Street Analysts?,https://ir.baidu.com
NTES,18.70%,20.30%,26.80%,12.9,10.4,23.10%,87606026000,96495809000,80.4,104.1,51,116.6,72.9,112.8,80.2,NetEase Inc (NTES): A Good 52-Week Low Stock to Buy Now According to Short Sellers;Market Chatter: NetEase to Close Tokyo Studio as Tencent Reduces Japan Spending;With 45% ownership  NetEase  Inc. (NASDAQ:NTES) insiders have a lot at stake;Tencent  NetEase Rethink Japan Approach as Game Strategy Stalls;Tech  Media & Telecom Roundup: Market Talk;NetEase Inc (NTES): The Best Chinese Stock to Buy According to Wall Street Analysts?;NetEase's (NASDAQ:NTES) Shareholders Will Receive A Smaller Dividend Than Last Year;Company News for Aug 23  2024,https://netease.gcs-web.com
WIT,17.20%,14.90%,14.90%,24.7,21.4,15.50%,7.90934E+11,9.04876E+11,6.4,9.7,4.4,5.6,4.3,7,5.1,Wipro Appoints Srikumar Rao as Global Head of Its Engineering Edge Business Line;Wipro to lead cloud project for John Lewis Partnership;General Motors sued by Texas for violating privacy of millions of customers;IndiaÅfs Wipro expands AI partnership with Google Cloud;TPT Retirement Solutions uses Wipro and GBSTÅfs Composer platform;Cyble and Wipro Forge Alliance to Offer AI-Driven Cybersecurity Risk Management Solutions;CTSH or WIT: Which Is the Better Value Stock Right Now?;India's Wipro misses revenue estimates  BofA flags growth concerns,https://www.wipro.com
EBAY,28.10%,24.00%,19.20%,11.5,11.4,50.00%,10420000000,9795000000,59.1,63.8,34.4,50.3,36.4,59.6,39.6,EBAY Gains 34.3% YTD: Should You Buy  Hold or Sell the Stock?;Explainer: Will the surge of secondhand change fashion?;Unpacking Q2 Earnings: CarGurus (NASDAQ:CARG) In The Context Of Other Online Marketplace Stocks;Walmart Marketplace expands into premium beauty  collectibles and pre-owned categories;eBay Launches its First-Ever Pre-Loved Fashion Week in New York and London;MOTORS expands reach with Parkers partnership;eBay to appear at European Outdoor Summit 2024;Ikea is taking on eBay to try to become the go-to destination for secondhand furniture online,https://www.ebayinc.com
ABNB,9.00%,22.50%,15.30%,16,25.6,74.20%,5992000000,8399000000,117.3,191.7,81.9,154.9,84.3,170.1,110.4,Startup guru Paul Graham eviscerates Silicon ValleyÅfs conventional wisdom about founders;Banned in NYC: Airbnb One Year Later;Airbnb Should Be a Sleeper Hit;AirbnbÅfs Brian Chesky had a major leadership gripe early on in his career: ÅeThereÅfs no appreciation for learning how to be a CEOÅf;Crypto Miners Make $100K Using Airbnb - But Leave Host With $1 500 Electric Bill: 'It Was Cheaper For Them To Rent A House';This Beaten-Down Travel Stock Has a Major Growth Opportunity -- Here's Why;Should Investors Give Up on Airbnb Stock?;3 tax strategies for summer daycare  jobs and vacation rentals,https://www.airbnb.com
EA,16.10%,19.40%,20.90%,35.7,18.1,15.60%,6991000000,7426000000,151.8,140.7,107.7,142.9,107.6,153.3,124.6,Electronic Arts Inc. (EA): An Undervalued Tech Stock To Buy Now;Insider Sale: EVP  Global Affairs and CLO Jacob Schatz Sells 1 500 Shares of Electronic Arts ...;Electronic Arts Insider Sold Shares Worth $1 106 920  According to a Recent SEC Filing;Why Is Electronic Arts (EA) Down 1.1% Since Last Earnings Report?;EA Sports Madden NFL Esports and Full Sail University Announce Strategic Collaboration;The Comeback Year: Nissan Heisman House Campaign Enters Its 14th Season Welcoming Reggie Bush  and Collaborates With the Long-Awaited EA SPORTS College Football 25;Are You a Momentum Investor? This 1 Stock Could Be the Perfect Pick;Is Electronic Arts Inc. (NASDAQ:EA) Trading At A 41% Discount?,https://www.ea.com
ZM,25.90%,5.60%,11.60%,24.7,13.1,11.30%,4099864000,4392960000,69.1,184.9,63.5,85.1,58.9,72.4,55.1,This Incredibly Cheap Artificial Intelligence (AI) Stock Soared 17% Since Aug. 21. Is It Still Worth Buying Hand Over Fist?;We Think Zoom Video Communications' (NASDAQ:ZM) Profit Is Only A Baseline For What They Can Achieve;Zacks Investment Ideas feature highlights: Shopify  Zoom Video Communications and Peloton;Where are the Pandemic Winners Now? ZM  SHOP  PTON;Investors Heavily Search Zoom Video Communications  Inc. (ZM): Here is What You Need to Know;How Can Zoom Grow?;Why Zoom Video Communications (ZM) is a Top Momentum Stock for the Long-Term;Why This 1 Growth Stock Could Be a Great Addition to Your Portfolio,https://www.zoom.us
IQ,-14.70%,4.50%,9.40%,8.6,8.3,14.30%,30554359000,28997548000,2.2,5.8,1.6,8,3.9,5.8,2.1,iQIYI's New VR Location-Based Entertainment Well-Received in Macao;iQIYI  Inc. (IQ): Should You Add This Cheap Chinese Penny Stock To Your Portfolio Now?;iQIYI Second Quarter 2024 Earnings: EPS Misses Expectations;BaiduÅfs AI Push Powers Profit Beat;iQIYI Announces Second Quarter 2024 Financial Results;iQIYI's 'For The Young Ones' Premieres  Spotlighting the Daily Lives of Juvenile Prosecutors;Are Hedge Funds Bullish on iQIYI  Inc. (IQ) Right Now?;'Strange Tales of Tang Dynasty 2: To the West' Tops Charts  Spearheading iQIYI's Blockbuster Summer Content Slate,https://www.iqiyi.com
TME,10.00%,12.50%,17.90%,20.9,13.2,10.20%,31244000000,28339000000,10.4,8.6,2.9,9.2,5.6,15.6,8.1,Tencent Music Entertainment Group Second Quarter 2024 Earnings: EPS Beats Expectations;Tech  Media & Telecom Roundup: Market Talk;Tencent profit jumps 82%  beating estimates after strong video gaming  ad growth;Sector Update: Tech Stocks Gain Late Afternoon;Sector Update: Tech Stocks Gain Tuesday Afternoon;Daiwa Securities Downgrades Tencent Music Entertainment to Neutral From Buy  Cuts Price Target to $12 From $17;Midday movers:Chipotle Mexican Grill  Tencent Music fall; Starbucks rises;Update: Tencent Music Entertainment Shares Drop After Q2 Revenue Falls,https://www.tencentmusic.com
AKAM,23.30%,19.70%,18.50%,25.3,14.9,13.90%,3461223000,3616654000,101.8,123.2,76.3,120.6,70.7,129.2,87.6,Akamai Named a Microsegmentation Leader;Insider Sale: Director William Wagner Sells Shares of Akamai Technologies Inc (AKAM);Why Akamai Technologies (AKAM) is a Top Growth Stock for the Long-Term;Akamai Technologies (AKAM) is a Top-Ranked Momentum Stock: Should You Buy?;Insider Sale: Robert Blumofe Sells 2 500 Shares of Akamai Technologies Inc (AKAM);Akamai Technologies Insider Sold Shares Worth $251 725  According to a Recent SEC Filing;Citigroup Adjusts Price Target on Akamai Technologies to $115 From $110;Akamai (AKAM) Q2 Earnings Top  Sales Up in Security & Compute,https://www.akamai.com
GEN,37.10%,38.80%,30.90%,27.6,10.8,28.30%,2796000000,3338000000,26.5,29.1,19.2,23,14.9,26.8,18.8,Gen Digital Inc. (NASDAQ:GEN) Shares Could Be 30% Below Their Intrinsic Value Estimate;Parents Cautiously Optimistic on AI in Schools: Content Safety and Data Privacy Among Top Worries;Gen Digital (GEN) Reliance on International Sales: What Investors Need to Know;We Think You Can Look Beyond Gen Digital's (NASDAQ:GEN) Lackluster Earnings;Decoding Gen Digital Inc (GEN): A Strategic SWOT Insight;New LifeLock Scan Tool Reveals Our Data is 'Out of Control';Gen Digital First Quarter 2025 Earnings: EPS Misses Expectations;Barclays Adjusts Price Target on Gen Digital to $27 From $25,https://www.gendigital.com
FFIV,15.10%,15.30%,19.10%,21.9,14.4,19.50%,2603416000,2695845000,203.1,245.6,133.7,180.7,127.1,205.9,159,Paycom (PAYC) Down 2.3% Since Last Earnings Report: Can It Rebound?;F5 (FFIV) Down 0.5% Since Last Earnings Report: Can It Rebound?;F5 Collaborating With Intel to Enhance Security and Delivery of AI Services;F5 Collaborates with Intel to Simplify the Security and Delivery of AI Services;Insider Sale: EVP  Worldwide Sales Chad Whalen Sells 5 493 Shares of F5 Inc (FFIV);Are You a Momentum Investor? This 1 Stock Could Be the Perfect Pick;F5 Networks (FFIV)'s Technical Outlook is Bright After Key Golden Cross;Needham Just Boosted Its Price Target on These 3 Stocks: August 13  2024,https://www.f5.com
DBX,14.20%,15.30%,15.30%,14.6,10.6,N/A,2157900000,2324900000,25.1,25.8,19.1,30.5,18.7,33.4,20.7,Why Dropbox (DBX) is a Top Growth Stock for the Long-Term;Is Dropbox (DBX) the Best Data Storage Stock To Buy Now?;Dropbox Second Quarter 2024 Earnings: EPS Beats Expectations;Dropbox Posts 'Decent' Q2 Results Amid Persistent Macro Headwinds  RBC Says;Dropbox Needs Stronger SMB And User Growth Signals  Analysts Say;Dropbox (DBX) Q2 Earnings Beat Estimates  Revenues Up Y/Y;Q2 2024 Dropbox Inc Earnings Call;Dropbox (DBX) Q2 Earnings and Revenues Beat Estimates,https://www.dropbox.com
CHKP,41.90%,38.00%,37.20%,26.6,19.2,29.50%,2166800000,2329900000,192.5,149.6,107.5,154.1,117.2,193.3,145.8,Check Point Software Technologies to Buy Cyberint Technologies;Check Point Software to Acquire Cyberint to Transform Security Operations and Expand Managed Threat Intelligence Solutions;Why Is Check Point (CHKP) Up 5.1% Since Last Earnings Report?;7 A-Rated Tech Stocks to Top Your August 2024 Buy List;The 3 Best Cybersecurity Stocks to Buy in August 2024;3 Cybersecurity Stocks That Can Outperform in the Next 5 Years;Is Check Point Software Technologies (CHKP) Stock Outpacing Its Computer and Technology Peers This Year?;How to fight against growing AI cyber threats: Cato Networks CEO,https://www.checkpoint.com
ZI,18.30%,16.40%,21.80%,247.3,10.2,0.70%,747200000,1098000000,9.9,65.2,23.3,31,12.4,18.7,7.7,HPE vs. ZI: Which Stock Is the Better Value Option?;We Think You Can Look Beyond ZoomInfo Technologies' (NASDAQ:ZI) Lackluster Earnings;ZoomInfo Wins 2024 TrustRadius Tech Cares Award for Reducing e-Waste in Landfills  Donating Electronics to Those in Need;Insiders Buying Walt Disney And 2 Other Stocks;Daiwa Securities Downgrades ZoomInfo Technologies to Neutral From Outperform  Adjusts Price Target to $9 From $15;Henry Schuck Bought 11% More Shares In ZoomInfo Technologies;Artificial Intelligence Job Titles Have Tripled Since 2022 According To A New Report From ZoomInfo;ZoomInfo to Participate in Upcoming Investor Conferences,https://www.zoominfo.com
BOX,-3.20%,3.70%,4.90%,41.3,17.7,3783.40%,874332000,990874000,32.6,33,22.3,35,23.3,33.4,24.3,Insider Sale: Director Dana Evan Sells 11 526 Shares of Box Inc (BOX);Insider Sale: Director Jack Lazar Sells 7 000 Shares of Box Inc (BOX);Results: Box  Inc. Exceeded Expectations And The Consensus Has Updated Its Estimates;Why Box Rallied 15.7% This Week;Box Q2 Earnings Beat Estimates: Can Positive Guidance Lift Shares?;Why Are Box (BOX) Shares Soaring Today;Box to Present at Investor Conference;Nordstrom  SentinelOne  Box: After-Hours Movers,https://www.box.com
FIS,13.20%,13.60%,16.10%,81.6,14.6,3.10%,9339000000,9719000000,82.4,114.1,53.6,75.8,46,82.5,57.7,Fidelity National Information Services  Inc. (FIS): An Undervalued Tech Stock To Buy Now;Affirm Stock Soars 31.9%: A Signal for Investors to Hold Tight?;Fidelity National Information and The Mosaic have been highlighted as Zacks Bull and Bear of the Day;Bull of the Day: Fidelity National Information Services (FIS);Top Research Reports for American Express  ServiceNow & RTX;Barclays Hires Morgan StanleyÅfs Douglass to Run Sponsors M&A;JPMorgan Adjusts Price Target on Fidelity National Information Services to $89 From $85  Maintains Overweight Rating;Should You Invest in Fidelity National Information Services (FIS)?,https://www.fisglobal.com
STNE,22.70%,41.20%,48.30%,12.4,9.1,13.40%,4576468000,9016344000,13.3,19.7,6.8,18.6,8.1,19.5,11.4,Is StoneCo Ltd. (STNE) the Best Affordable Tech Stock to Buy According to Analysts?;StoneCo Second Quarter 2024 Earnings: EPS Beats Expectations;Stone delivers a consistent quarter with strong TPV growth and advancements in credit and banking;StoneCo (STNE) Q2 2024 Earnings Call Transcript;StoneCo Ltd. (STNE) Q2 Earnings Miss Estimates;StoneCo Reports Second Quarter 2024 Results;Analysts Estimate Palo Alto Networks (PANW) to Report a Decline in Earnings: What to Look Out for;StoneCo Ltd. (STNE) Reports Next Week: Wall Street Expects Earnings Growth,https://www.stone.co
FUTU,44.70%,46.90%,50.00%,16.4,12.1,17.10%,7115320000,7614027000,63.6,72.2,21.2,67.5,35.9,81.9,43.6,,https://www.futuholdings.com
CAT,13.5%,14.9%,19.3%,16.2,15.5,62.2%,50971000000.0,59427000000.0,356.1,237.2,154.4,295.5,199.5,379.1,273.5,Those who invested in Caterpillar (NYSE:CAT) five years ago are up 225%;Titan Machinery Meets on Q2 Earnings  Lowers FY25 View on Soft Demand;5 Stocks That Powered Dow ETFs Over the Past Week;Caterpillar Inc. (CAT) is Attracting Investor Attention: Here is What You Should Know;Here's Why Caterpillar (CAT) is a Strong Momentum Stock;Is Now An Opportune Moment To Examine Caterpillar Inc. (NYSE:CAT)?;Insider Sale at Caterpillar Inc (CAT): Chief Human Resources Officer Cheryl Johnson Sells Shares;Zacks Industry Outlook Highlights Caterpillar  Hitachi Construction Machinery  Terex and Hyster-Yale,https://www.caterpillar.com
CAT,13.5%,14.9%,19.3%,16.2,15.5,62.2%,50971000000.0,59427000000.0,356.1,237.2,154.4,295.5,199.5,379.1,273.5,Those who invested in Caterpillar (NYSE:CAT) five years ago are up 225%;Titan Machinery Meets on Q2 Earnings  Lowers FY25 View on Soft Demand;5 Stocks That Powered Dow ETFs Over the Past Week;Caterpillar Inc. (CAT) is Attracting Investor Attention: Here is What You Should Know;Here's Why Caterpillar (CAT) is a Strong Momentum Stock;Is Now An Opportune Moment To Examine Caterpillar Inc. (NYSE:CAT)?;Insider Sale at Caterpillar Inc (CAT): Chief Human Resources Officer Cheryl Johnson Sells Shares;Zacks Industry Outlook Highlights Caterpillar  Hitachi Construction Machinery  Terex and Hyster-Yale,https://www.caterpillar.com
CAT,13.5%,14.9%,19.3%,16.2,15.5,62.2%,50971000000.0,59427000000.0,356.1,237.2,154.4,295.5,199.5,379.1,273.5,Those who invested in Caterpillar (NYSE:CAT) five years ago are up 225%;Titan Machinery Meets on Q2 Earnings  Lowers FY25 View on Soft Demand;5 Stocks That Powered Dow ETFs Over the Past Week;Caterpillar Inc. (CAT) is Attracting Investor Attention: Here is What You Should Know;Here's Why Caterpillar (CAT) is a Strong Momentum Stock;Is Now An Opportune Moment To Examine Caterpillar Inc. (NYSE:CAT)?;Insider Sale at Caterpillar Inc (CAT): Chief Human Resources Officer Cheryl Johnson Sells Shares;Zacks Industry Outlook Highlights Caterpillar  Hitachi Construction Machinery  Terex and Hyster-Yale,https://www.caterpillar.com
CAT,13.5%,14.9%,19.3%,15.5,14.8,62.2%,50971000000.0,59427000000.0,340.2,237.2,154.4,295.5,199.5,379.1,273.5,Why Caterpillar (CAT) is a Top Stock for the Long-Term;Spotting Winners: Astec (NASDAQ:ASTE) And Construction Machinery Stocks In Q2;Those who invested in Caterpillar (NYSE:CAT) five years ago are up 225%;Titan Machinery Meets on Q2 Earnings  Lowers FY25 View on Soft Demand;5 Stocks That Powered Dow ETFs Over the Past Week;Caterpillar Inc. (CAT) is Attracting Investor Attention: Here is What You Should Know;Here's Why Caterpillar (CAT) is a Strong Momentum Stock;Is Now An Opportune Moment To Examine Caterpillar Inc. (NYSE:CAT)?,https://www.caterpillar.com
CVX,10.4%,16.9%,13.3%,14.3,10.9,11.8%,155606000000.0,235717000000.0,144.7,175.4,105.5,175.0,135.8,163.6,135.2,Chevron Boosts Oil and Natural Gas Recovery at Two Facilities in U.S. Gulf of Mexico;Chevron-led consortium submits $4bn plan for Aphrodite gas field development;3 Reasons to Buy High-Yield Chevron Stock Like There's No Tomorrow;3 Can't-Miss Dividend Stocks to Buy Hand Over Fist This September;Chevron Corp (CVX): A Good 52-Week Low Stock to Buy Now According to Short Sellers;Forget Devon Energy  These Unstoppable High-Yield Stocks Are Better Buys;ExxonMobil's Guyana Oil: A Trillion-Dollar Opportunity?;Chevron Corporation (CVX) Is a Trending Stock: Facts to Know Before Betting on It,https://www.chevron.com
CAT,13.5%,14.9%,19.3%,15.5,14.8,62.2%,50971000000.0,59427000000.0,340.2,237.2,154.4,295.5,199.5,379.1,273.5,Why Caterpillar (CAT) is a Top Stock for the Long-Term;Spotting Winners: Astec (NASDAQ:ASTE) And Construction Machinery Stocks In Q2;Those who invested in Caterpillar (NYSE:CAT) five years ago are up 225%;Titan Machinery Meets on Q2 Earnings  Lowers FY25 View on Soft Demand;5 Stocks That Powered Dow ETFs Over the Past Week;Caterpillar Inc. (CAT) is Attracting Investor Attention: Here is What You Should Know;Here's Why Caterpillar (CAT) is a Strong Momentum Stock;Is Now An Opportune Moment To Examine Caterpillar Inc. (NYSE:CAT)?,https://www.caterpillar.com
PEP,14.0%,13.1%,14.1%,25.7,20.3,51.3%,79474000000.0,86392000000.0,177.5,178.8,143.9,189.7,152.3,182.0,158.0,Papa Johns renews beverage contract with PepsiCo for North America;Papa John's Extends PepsiCo Beverage Partnership With 10-Year Contract Renewal;Beyond Market Price: Uncovering PepsiCo Inc's Intrinsic Value;Indorama subsidiary and PepsiCo bottler to build PET recycling facilities;Wall Street Analysts Think PepsiCo (PEP) Is a Good Investment: Is It?;Don't Buy PepsiCo  Inc. (NASDAQ:PEP) For Its Next Dividend Without Doing These Checks;Worried About a Stock Market Sell-Off? Consider Coca-Cola  Pepsi  and These 3 Safe Dividend Kings for Decades of Passive Income.;Forget Celsius Holdings: This Stock Has Made Far More Millionaires,https://www.pepsico.com
CVX,10.4%,16.9%,13.3%,14.3,10.9,11.8%,155606000000.0,235717000000.0,144.7,175.4,105.5,175.0,135.8,163.6,135.2,Chevron Boosts Oil and Natural Gas Recovery at Two Facilities in U.S. Gulf of Mexico;Chevron-led consortium submits $4bn plan for Aphrodite gas field development;3 Reasons to Buy High-Yield Chevron Stock Like There's No Tomorrow;3 Can't-Miss Dividend Stocks to Buy Hand Over Fist This September;Chevron Corp (CVX): A Good 52-Week Low Stock to Buy Now According to Short Sellers;Forget Devon Energy  These Unstoppable High-Yield Stocks Are Better Buys;ExxonMobil's Guyana Oil: A Trillion-Dollar Opportunity?;Chevron Corporation (CVX) Is a Trending Stock: Facts to Know Before Betting on It,https://www.chevron.com
CAT,13.5%,14.9%,19.3%,15.5,14.8,62.2%,50971000000.0,59427000000.0,340.2,237.2,154.4,295.5,199.5,379.1,273.5,Why Caterpillar (CAT) is a Top Stock for the Long-Term;Spotting Winners: Astec (NASDAQ:ASTE) And Construction Machinery Stocks In Q2;Those who invested in Caterpillar (NYSE:CAT) five years ago are up 225%;Titan Machinery Meets on Q2 Earnings  Lowers FY25 View on Soft Demand;5 Stocks That Powered Dow ETFs Over the Past Week;Caterpillar Inc. (CAT) is Attracting Investor Attention: Here is What You Should Know;Here's Why Caterpillar (CAT) is a Strong Momentum Stock;Is Now An Opportune Moment To Examine Caterpillar Inc. (NYSE:CAT)?,https://www.caterpillar.com
PEP,14.0%,13.1%,14.1%,25.7,20.3,51.3%,79474000000.0,86392000000.0,177.5,178.8,143.9,189.7,152.3,182.0,158.0,Papa Johns renews beverage contract with PepsiCo for North America;Papa John's Extends PepsiCo Beverage Partnership With 10-Year Contract Renewal;Beyond Market Price: Uncovering PepsiCo Inc's Intrinsic Value;Indorama subsidiary and PepsiCo bottler to build PET recycling facilities;Wall Street Analysts Think PepsiCo (PEP) Is a Good Investment: Is It?;Don't Buy PepsiCo  Inc. (NASDAQ:PEP) For Its Next Dividend Without Doing These Checks;Worried About a Stock Market Sell-Off? Consider Coca-Cola  Pepsi  and These 3 Safe Dividend Kings for Decades of Passive Income.;Forget Celsius Holdings: This Stock Has Made Far More Millionaires,https://www.pepsico.com
KO,28.6%,28.0%,28.6%,29.7,24.1,38.8%,38655000000.0,43004000000.0,73.0,62.8,51.2,62.5,50.3,73.3,57.5,7-Eleven Unveils Bold New Slurpee  Drink Experience with Coca-Cola  and OREO ;How Much Will Coca-Cola Pay Out in Dividends This Year?;Coca-Cola's (NYSE:KO) five-year earnings growth trails the 8.9% YoY shareholder returns;3 Sweet Dividend Stocks to Buy for a Satisfying Passive Income Stream;Worried About a Stock Market Sell-Off? Consider Coca-Cola  Pepsi  and These 3 Safe Dividend Kings for Decades of Passive Income.;Coca-Cola: Buy  Sell  or Hold?;3 Dividend Stocks to Buy Now and Hold Forever;Warren Buffett turns 94 today. His secret to longevity? Coca-Cola  candy  and a life of joy,https://www.coca-colacompany.com
BAC,35.9%,29.0%,26.9%,14.3,11.1,8.5%,89113000000.0,94950000000.0,40.7,46.9,27.9,35.4,24.4,44.4,30.9,Decoding Warren Buffett's stake reductions in Apple  BofA;Midday stock movers: Boeing  Bank of America  Unity Software;Berkshire's BofA stake cuts top $6 billion  analysts say Buffett booking profits;Raising CaneÅfs Kicks Off $500 Million Loan Sale to Repay Debt;Is Bank of America (BAC) a Buy as Wall Street Analysts Look Optimistic?;The Art of Valuation: Discovering Bank of America Corp's Intrinsic Value;Possible Bearish Signals With Bank of America Insiders Disposing Stock;Could New York Community Bancorp Become the Next Bank of America?,https://www.bankofamerica.com
GS,36.5%,23.8%,18.4%,15.6,11.7,9.5%,59339000000.0,47365000000.0,487.5,382.4,260.5,380.5,281.6,514.2,365.1,Brazil Economy Soars Past All Forecasts as Bets on Interest Rate Hikes Grow;Sector Update: Financial Stocks Decline Premarket Tuesday;Goldman to cut hundreds of jobs: reports;Citigroup  Goldman Sachs  JPMorgan Reportedly Tapped by ByteDance for $9.5 Billion Asia Corporate Loan;Goldman Stock Up on Its Plans to Reduce Workforce Under SRA Strategy;Speculative Traders Turn Short Dollar as Fed Rate Cuts Loom;Goldman Sachs reportedly cutting 1 300 jobs;Update: Market Chatter: Goldman Sachs Reportedly to Cut At Least 1 300 Employees Following Yearly Performance Review  WSJ Says,https://www.goldmansachs.com
MS,26.6%,22.0%,17.9%,16.3,12.9,10.4%,56414000000.0,50210000000.0,99.3,99.9,66.2,95.3,67.4,108.1,80.9,Yacht tragedy forces Morgan Stanley to find new international chair even as grief is fresh;Dollar Gains for Fifth Day as US Traders Return From Holiday;Morgan Stanley updated its Dividend Equity Portfolio  dropped this big tech name;Are You Looking for a High-Growth Dividend Stock?;Big banks are taking heat for paying low rates on idle cash;Morgan Stanley Hires Ex-Brevan Howard Latam Economist Cabiedes;Oil Surges With Focus on US Economy and Libyan Supply Outage;Morgan Stanley (MS) Rises As Market Takes a Dip: Key Facts,https://www.morganstanley.com
JNJ,26.6%,27.8%,27.5%,25.3,15.6,22.1%,78740000000.0,79990000000.0,167.2,173.6,144.8,171.6,140.5,167.8,140.9,Johnson & Johnson Insider Sold Shares Worth $930 113  According to a Recent SEC Filing;Johnson & Johnson (JNJ): Among ChatGPTÅfs Recent Stock Recommendations;Johnson & Johnson (JNJ): A Good 52-Week High Stock to Buy According to Short Sellers;Unlocking Intrinsic Value: Analysis of Johnson & Johnson;Johnson & Johnson picks Onco360 as pharmacy partner for LAZCLUZE;These Four Dividend Kings Could Thrive Even If The Consumer Falters;Is Johnson & Johnson the Best Dividend Stock for You?;Worried About a Stock Market Sell-Off? Consider Coca-Cola  Pepsi  and These 3 Safe Dividend Kings for Decades of Passive Income.,https://www.jnj.com
MRK,27.1%,30.8%,4.9%,21.6,12.0,33.4%,48704000000.0,59283000000.0,116.6,108.5,67.8,115.8,97.2,134.6,107.8,Heard on the Street: Pfizer Better Watch Out for This Biotech;Bacterial Infections Vaccine Developer Vaxcyte's Pneumococcal Shot Shows Promise in Mid-Stage Trial  Stock Shoots Higher;VaxcyteÅfs Ågbest-caseÅh data for pneumococcal vaccine boost shares;European Commission Approves MerckÅfs KEYTRUDA  (pembrolizumab) Plus Padcev  (enfortumab vedotin-ejfv) as First-Line Treatment of Unresectable or Metastatic Urothelial Carcinoma in Adults;Merck & Co.  Inc. (NYSE:MRK) Stock's Been Sliding But Fundamentals Look Decent: Will The Market Correct The Share Price In The Future?;Merck Scraps Two Late-Stage Keytruda Studies on Disappointing Data;Merck Pulls Plug On Two Keytruda Late-Stage Studies On Underwhelming Data;MSD discontinues two Phase III Keytruda trials,https://www.merck.com
AAPL,29.8%,30.3%,29.8%,33.9,29.8,160.6%,365817000000.0,394328000000.0,222.8,180.2,124.7,198.9,123.0,237.0,163.7,Mag 7 stocks are now underperforming the rest of the S&P 500;Huawei To Release New Apple  Tesla Rivals Hours After iPhone Event;Magnificent Seven Stocks: Nvidia Stock Plunges Below Key Level; Apple  Google Sell Off;Decoding Warren Buffett's stake reductions in Apple  BofA;Huawei to showcase new products hours after Apple does;Apple rally fueled by AI promises approaches a crucial test;Market Chatter: Apple to Switch to OLED Displays for All iPhones Next Year;Auddia Integrates Mobile App Into Apple  Android Automobile Platforms,https://www.apple.com
NVDA,37.3%,20.7%,54.1%,50.5,26.9,123.8%,26914000000.0,26974000000.0,108.0,30.7,10.8,50.5,14.0,140.8,47.3,Dow Jones Futures: Record Nvidia Sell-Off Fuels Market Expectations Breaker; What To Do Now;$279bn wiped off Nvidia stock in Wall Street sell-off;Stocks Hit by Biggest Selloff Since August Crash: Markets Wrap;Growth fears  tech slump bring on September blues;Market Chatter: Nvidia Receives Subpoena by DOJ in Antitrust Probe of AI Business;Nvidia Gets DOJ Subpoena in Escalating Antitrust Probe;Mag 7 stocks are now underperforming the rest of the S&P 500;Investing in AI stocks? Don't overlook smaller names,https://www.nvidia.com
INTC,27.9%,3.7%,0.1%,83.8,17.6,0.8%,79024000000.0,63054000000.0,20.1,52.2,23.4,50.6,24.1,49.6,18.8,Nvidia Suffers Record $279 Billion Rout as AI Worry Sinks Stocks;Marvell Seen As Possible Buyer Of Intel's Altera Unit;These Stocks Moved the Most Today: Boeing  Nvidia  Intel  U.S. Steel  Freeport-McMoRan  Vaxcyte  and More;Stocks to Watch Tuesday: Boeing  U.S. Steel  Broadcom  Freeport-McMoRan;Why Intel Stock Is Getting Crushed Today;Intel Stock Sinks Amid Worries It Could Be Delisted From the Dow;Sector Update: Tech Stocks Fall Tuesday Afternoon;Chip sector is in 'asynchronous cycle': Analyst on sales data,https://www.intel.com
AVGO,31.6%,43.0%,45.9%,65.6,25.3,22.2%,27450000000.0,33203000000.0,152.8,63.2,39.9,114.2,53.4,184.6,103.4,Nvidia Sheds $279 Billion in Market Value;Global semiconductor sales rise to $51.3B in July;Dow sinks 600 points  Nasdaq drops 3.2% in first Sept. session;Stocks to Watch Tuesday: Boeing  U.S. Steel  Broadcom  Freeport-McMoRan;Broadcom is trading at a 'sharp discount' in chip sector: Analyst;Dow Jones Banking Giant JPMorgan  AI Stock Arista In Or Near Buy Zones;Chip sector is in 'asynchronous cycle': Analyst on sales data;Buy Broadcom Stock  Analyst Says. A Chip Bottom Could Be Coming.,https://www.broadcom.com
GOOGL,30.6%,26.5%,27.4%,22.5,18.0,30.9%,257637000000.0,282836000000.0,157.4,151.4,83.2,142.5,84.8,191.8,130.5,Google makes its pitch for the Pixel 9 smartphone;Mag 7 stocks are now underperforming the rest of the S&P 500;Kamala Harris's small business plan: A tenfold expansion of a key tax credit;Alphabet stock slides on Morgan Stanley price cut;Will September Bring A Rebound In Google Stock Amid New Antitrust Trial?;Consumers benefit from GoogleÅfs dominance in search  Google-backed trade group says;Reasons to Invest in Alphabet (GOOG);Morgan Stanley Adjusts Price Target on Alphabet to $190 From $205  Maintains Overweight Rating,https://abc.xyz
MSFT,42.1%,41.8%,44.6%,34.7,26.9,37.1%,198270000000.0,211915000000.0,409.4,330.1,209.8,382.2,216.2,467.5,364.5,Altman Infrastructure Plan Aims to Spend Tens of Billions in US;Is Microsoft Stock Still A Buy Near This Key Chart Level? Here's Reasons To Turn Cautious;Salesforce to acquire AI voice agent firm Tenyx  joining AI talent race;Mag 7 stocks are now underperforming the rest of the S&P 500;These are the 2 priorities in enterprise software: Cohesity CEO;Magnificent Seven Stocks: Nvidia Stock Plunges Below Key Level; Apple  Google Sell Off;TfL cyberattack could be due to poor cyber-hygiene  expert says;AMD Rises 10% in a Month: How Should Investors Play the Stock?,https://www.microsoft.com
META,39.6%,24.8%,34.7%,26.2,21.3,35.4%,117929000000.0,116609000000.0,511.8,342.4,87.9,361.2,122.0,544.2,339.3,Meta to inform Brazilians how it uses their personal data to train AI;Mag 7 stocks are now underperforming the rest of the S&P 500;Kamala Harris's small business plan: A tenfold expansion of a key tax credit;Magnificent Seven Stocks: Nvidia Stock Plunges Below Key Level; Apple  Google Sell Off;Meta Is Gaining from BrazilÅfs Ban on X. ThereÅfs a Big Risk.;3 Big Winners from the Q2 Earnings Season: LLY  LMT  META;ItÅfs not just you. More weird spam is popping up on Facebook;US voters targeted by Chinese influence online  researchers say,https://investor.fb.com
BABA,11.1%,11.9%,13.2%,20.9,8.3,5.7%,853062000000.0,868687000000.0,82.3,133.9,56.0,117.1,67.7,88.5,65.2,Weekly Stock List;Alibaba-backed e-wallet operator buys Ant Bank Macao  eyes financial services for tourists;Alibaba Group Holding Limited (BABA) is Attracting Investor Attention: Here is What You Should Know;Key events during China's regulatory scrutiny of Alibaba;Alibaba Group Holding Limited (BABA): An Undervalued Tech Stock To Buy Now;Alibaba Group Holding Limited (BABA): Among Goldman SachsÅf Best Hedge Fund Stock Picks;China's economy isn't 'collapsing' like markets suggest: Expert;Top Midday Stories: Fed's Preferred Inflation Gauge Meets Expectations; Alibaba Cleared of Monopoly Allegations in China,https://www.alibabagroup.com
IBM,12.0%,13.5%,15.2%,22.2,18.8,36.2%,57351000000.0,60530000000.0,201.3,142.0,105.8,161.8,114.2,204.7,153.6,Intel to Deploy Gaudi 3 AI in IBM Cloud: Beneficial for INTC Stock?;Largest U.S. Pension Bought Lucid Stock  and Sold Nvidia  IBM  and Walmart;International Business Machines Corporation (IBM): An Undervalued Tech Stock To Buy Now;U.S. stocks higher at close of trade; Dow Jones Industrial Average up 0.55%;Intel  IBM Partner to Deploy Gaudi 3 AI Accelerators on IBM Cloud to Help Scale Enterprise AI;HashiCorp  IBM $6.4 Billion Merger Seen As 'Favorable Outcome' for Shareholders  Truist Says;Artificial Intelligence (AI) Stocks Are Soaring in Price. Here Are 2 Bargains.;IBM Cloud to offer Intel's Gaudi 3 AI chips next year,https://www.ibm.com
ORCL,37.3%,27.6%,30.3%,37.5,19.4,193.9%,42440000000.0,49954000000.0,139.5,86.1,59.0,125.7,80.2,146.6,100.7,Oracle Sets the Date for its First Quarter Fiscal Year 2025 Earnings Announcement;Is Oracle Corp (ORCL) Poised for Strong Growth?;If You Invested $1000 in Oracle a Decade Ago  This is How Much It'd Be Worth Now;Beyond Market Price: Uncovering Oracle Corp's Intrinsic Value;3 US Stocks That May Be Trading Below Fair Value Estimates;With 44% ownership of the shares  Oracle Corporation (NYSE:ORCL) is heavily dominated by institutional owners;Time to Buy Salesforce (CRM) Stock After Strong Q2 Results?;Qualcomm and 3 Other AI Stocks Worth Considering Beyond Nvidia,https://www.oracle.com
VZ,24.3%,22.3%,21.4%,16.1,9.2,12.1%,133613000000.0,136835000000.0,42.9,47.8,30.6,38.0,28.7,42.9,35.9,Why Verizon Stock Topped the Market on Tuesday;VerizonÅfs Dividend  Now 6.2%  Could Rise This Week: Morgan Stanley;Is Verizon Stock A Buy As Apple IPhone 16 Event Nears?;AT&T or Verizon: Which Stock Offers the Safer Dividend?;Tired of Laboring for Your Income? These Dividend Stocks Can Put Your Money to Work and Make You Some Passive Income.;Taboola.com (TBLA): The Best Middle East and Africa Stocks to Buy According to Analysts?;Verizon Communications Inc. (VZ): Analyzing Its Position Among the Top 5G Stocks;Should You Buy the 3 Highest-Paying Dividend Stocks in the Dow Jones?,https://www.verizon.com
ASML,35.1%,30.7%,32.8%,44.5,25.5,48.6%,18611000000.0,21173400000.0,845.4,777.0,356.5,763.9,537.3,1108.0,692.1,Why Micron  Arm Holdings  and ASML Holdings Crashed Today;Weekly Stock List;ASML supplier VDL denies reports it is cutting jobs;ASML Holding N.V. (ASML): This AI Stock Could Go Parabolic According to Financial Media;ASML Dips 10.4% in 6 Months: Should You Hold or Fold the Stock?;Netherlands to weigh ASML's interests in China export restriction decision  PM says;Market Chatter: ASML's Ability to Maintain Chipmaking Equipment in China Faces Curbs From Dutch Government;2 Artificial Intelligence (AI) Stocks That Could Go Parabolic,https://www.asml.com
LRCX,31.2%,29.9%,28.7%,26.4,16.6,45.7%,17227039000.0,17428516000.0,765.7,710.0,293.7,798.1,400.8,1130.0,720.0,This AI Stock Just Raised Its Dividend by 15%  and Even More Passive Income Should Be Coming;Lam Research Full Year 2024 Earnings: EPS Beats Expectations;Lam Research Corp (LRCX): A Strategic SWOT Insight;Lam Research Appoints Ita Brennan and Mark Fields to Board of Directors;Lam Research (LRCX) Down 4% Since Last Earnings Report: Can It Rebound?;Lam Research (LRCX) Stock Moves -0.97%: What You Should Know;Lam Research Corporation Announces a 15% Increase in Quarterly Dividend;Lam Research Dips 16% YTD: Should You Hold or Fold the Stock?,https://www.lamresearch.com
MCHP,27.5%,36.9%,33.5%,30.4,22.7,20.7%,6820900000.0,8438700000.0,76.4,84.5,52.0,92.7,66.0,100.0,71.4,Microchip Technology to Present at the Citi 2024 Global TMT Conference;Is Microchip Technology Incorporated (NASDAQ:MCHP) Trading At A 31% Discount?;3 Dirt-Cheap Industrial Stocks to Catapult Higher on Lower Interest Rates;Q2 Rundown: Microchip Technology (NASDAQ:MCHP) Vs Other Analog Semiconductors Stocks;Microchip Technology Incorporated's (NASDAQ:MCHP) Fundamentals Look Pretty Strong: Could The Market Be Wrong About The Stock?;Microchip Technology flags 'potentially suspicious' network activity; stock slips;Chipmaker Microchip Hit by Cyberattack  Slowing Operations;Microchip Technology says certain operations disrupted by cyber incident,https://www.microchip.com
ON,20.2%,33.2%,31.7%,16.1,14.9,25.2%,6739800000.0,8326200000.0,70.8,77.3,44.8,111.3,59.6,85.2,59.3,Investors Heavily Search ON Semiconductor Corporation (ON): Here is What You Need to Know;Is Now The Time To Look At Buying ON Semiconductor Corporation (NASDAQ:ON)?;Beyond the EV Hype: 2 Unstoppable Stocks That Can Reward You for Years;ON Semiconductor Corp. (ON) Up 2.8% Since Last Earnings Report: Can It Continue?;2 EV Chip Stocks Down 34% and 45% That Could Become Stealth Artificial Intelligence (AI) Plays;2 Tech Stocks Down 48% and 30% to Buy Right Now;Chip Stocks Have Swooned Since Nvidia Peaked in June. How That Could Change.;Here is What to Know Beyond Why ON Semiconductor Corporation (ON) is a Trending Stock,https://www.onsemi.com
SWKS,31.7%,28.4%,24.2%,21.0,15.8,12.8%,5109100000.0,5485500000.0,101.8,152.7,72.3,118.2,82.8,120.1,87.9,Q2 Earnings Highlights: Skyworks Solutions (NASDAQ:SWKS) Vs The Rest Of The Analog Semiconductors Stocks;Skyworks (SWKS) Down 6.1% Since Last Earnings Report: Can It Rebound?;Why Skyworks Solutions  Inc. (NASDAQ:SWKS) Could Be Worth Watching;3 Ways to Play Warren BuffettÅfs 56% Apple Stake Reduction;Heard on the Street: Apple Clock Ticks a Little Louder for Qualcomm;We Think You Can Look Beyond Skyworks Solutions' (NASDAQ:SWKS) Lackluster Earnings;US$115 - That's What Analysts Think Skyworks Solutions  Inc. (NASDAQ:SWKS) Is Worth After These Results;Skyworks (SWKS) Q3 Earnings Meet Estimates  Revenues Down Y/Y,https://www.skyworksinc.com
CTSH,15.3%,15.3%,15.1%,17.5,15.4,16.4%,18507000000.0,19428000000.0,76.8,89.6,49.6,75.9,55.1,80.0,63.5,Why Is Cognizant (CTSH) Up 1.1% Since Last Earnings Report?;Cognizant Completes Acquisition of Belcan;An Intrinsic Calculation For Cognizant Technology Solutions Corporation (NASDAQ:CTSH) Suggests It's 47% Undervalued;Cognizant Appoints Rajesh Varrier as Global Head of Operations and Chairman & Managing Director  India;Cognizant Technology Solutions' (NASDAQ:CTSH) five-year earnings growth trails the favorable shareholder returns;Is There Now An Opportunity In Cognizant Technology Solutions Corporation (NASDAQ:CTSH)?;Recession? Really? Come on...: Morning Brief;Why this tech CEO thinks Fed rates cuts will be a big deal,https://www.cognizant.com
BIDU,8.4%,12.9%,16.2%,10.8,7.4,8.1%,124493000000.0,123675000000.0,83.4,171.9,73.6,160.9,103.3,119.8,79.7,Jidu Auto unveils new V2.0 software;HuaweiÅfs bug-ridden software hampers ChinaÅfs efforts to replace Nvidia in AI;Baidu  Inc. (BIDU): A Good 52-Week Low Stock to Buy Now According to Short Sellers;Baidu  Inc. (BIDU): Top ADR Stock According to Hedge Funds;Baidu  Inc. (BIDU) is Attracting Investor Attention: Here is What You Should Know;Baidu-backed Jiyue seeks traction in China's premium EV market with second model launch;Asian chipmaking stocks sink tracking Nvidia losses;Baidu's Stock Is Down Nearly 30% in 2024. Is It a Value Play?,https://ir.baidu.com
NTES,18.7%,20.3%,26.8%,12.5,10.1,23.1%,87606026000.0,96495809000.0,78.0,104.1,51.0,116.6,72.9,112.8,77.6,A Look Into NetEase's (NASDAQ:NTES) Impressive Returns On Capital;NetEase Inc (NTES): A Good 52-Week Low Stock to Buy Now According to Short Sellers;Market Chatter: NetEase to Close Tokyo Studio as Tencent Reduces Japan Spending;With 45% ownership  NetEase  Inc. (NASDAQ:NTES) insiders have a lot at stake;Tencent  NetEase Rethink Japan Approach as Game Strategy Stalls;Tech  Media & Telecom Roundup: Market Talk;NetEase Inc (NTES): The Best Chinese Stock to Buy According to Wall Street Analysts?;NetEase's (NASDAQ:NTES) Shareholders Will Receive A Smaller Dividend Than Last Year,https://netease.gcs-web.com
WIT,17.2%,14.9%,14.9%,24.4,21.1,15.5%,790934000000.0,904876000000.0,6.3,9.7,4.4,5.6,4.3,7.0,5.1,Wipro Appoints Srikumar Rao as Global Head of Its Engineering Edge Business Line;Wipro to lead cloud project for John Lewis Partnership;General Motors sued by Texas for violating privacy of millions of customers;IndiaÅfs Wipro expands AI partnership with Google Cloud;TPT Retirement Solutions uses Wipro and GBSTÅfs Composer platform;Cyble and Wipro Forge Alliance to Offer AI-Driven Cybersecurity Risk Management Solutions;CTSH or WIT: Which Is the Better Value Stock Right Now?;India's Wipro misses revenue estimates  BofA flags growth concerns,https://www.wipro.com
EBAY,28.1%,24.0%,19.2%,11.4,11.4,50.0%,10420000000.0,9795000000.0,58.8,63.8,34.4,50.3,36.4,59.8,39.6,EBAY Gains 34.3% YTD: Should You Buy  Hold or Sell the Stock?;Explainer: Will the surge of secondhand change fashion?;Unpacking Q2 Earnings: CarGurus (NASDAQ:CARG) In The Context Of Other Online Marketplace Stocks;Walmart Marketplace expands into premium beauty  collectibles and pre-owned categories;eBay Launches its First-Ever Pre-Loved Fashion Week in New York and London;MOTORS expands reach with Parkers partnership;eBay to appear at European Outdoor Summit 2024;Ikea is taking on eBay to try to become the go-to destination for secondhand furniture online,https://www.ebayinc.com
ABNB,9.0%,22.5%,15.3%,15.6,25.1,74.2%,5992000000.0,8399000000.0,115.0,191.7,81.9,154.9,84.3,170.1,110.4,Airbnb & NYC  hotel protests  Rolls-Royce engines: Top Stories;Airbnb Says NYC's Short-Term Rental Restrictions 'Backfired' on Rent  Hotel Prices;Airbnb asks NYC to reconsider regulations on short-term rentals;Is This 1 Thing the Biggest Risk for Airbnb Stock?;Maybe YouÅfre Expecting Too Much From Your Airbnb;Startup guru Paul Graham eviscerates Silicon ValleyÅfs conventional wisdom about founders;Banned in NYC: Airbnb One Year Later;Airbnb Should Be a Sleeper Hit,https://www.airbnb.com
EA,16.1%,19.4%,20.9%,34.4,17.4,15.6%,6991000000.0,7426000000.0,146.2,140.7,107.7,142.9,107.6,153.3,124.6,Electronic Arts Inc. (EA): An Undervalued Tech Stock To Buy Now;Insider Sale: EVP  Global Affairs and CLO Jacob Schatz Sells 1 500 Shares of Electronic Arts ...;Electronic Arts Insider Sold Shares Worth $1 106 920  According to a Recent SEC Filing;Why Is Electronic Arts (EA) Down 1.1% Since Last Earnings Report?;EA Sports Madden NFL Esports and Full Sail University Announce Strategic Collaboration;The Comeback Year: Nissan Heisman House Campaign Enters Its 14th Season Welcoming Reggie Bush  and Collaborates With the Long-Awaited EA SPORTS College Football 25;Are You a Momentum Investor? This 1 Stock Could Be the Perfect Pick;Is Electronic Arts Inc. (NASDAQ:EA) Trading At A 41% Discount?,https://www.ea.com
ZM,25.9%,5.6%,11.6%,24.6,13.0,11.3%,4099864000.0,4392960000.0,68.8,184.9,63.5,85.1,58.9,72.4,55.1,This Incredibly Cheap Artificial Intelligence (AI) Stock Soared 17% Since Aug. 21. Is It Still Worth Buying Hand Over Fist?;We Think Zoom Video Communications' (NASDAQ:ZM) Profit Is Only A Baseline For What They Can Achieve;Zacks Investment Ideas feature highlights: Shopify  Zoom Video Communications and Peloton;Where are the Pandemic Winners Now? ZM  SHOP  PTON;Investors Heavily Search Zoom Video Communications  Inc. (ZM): Here is What You Need to Know;How Can Zoom Grow?;Why Zoom Video Communications (ZM) is a Top Momentum Stock for the Long-Term;Why This 1 Growth Stock Could Be a Great Addition to Your Portfolio,https://www.zoom.us
IQ,-14.7%,4.5%,9.4%,8.4,8.0,14.3%,30554359000.0,28997548000.0,2.1,5.8,1.6,8.0,3.9,5.8,2.1,iQIYI's New VR Location-Based Entertainment Well-Received in Macao;iQIYI  Inc. (IQ): Should You Add This Cheap Chinese Penny Stock To Your Portfolio Now?;iQIYI Second Quarter 2024 Earnings: EPS Misses Expectations;BaiduÅfs AI Push Powers Profit Beat;iQIYI Announces Second Quarter 2024 Financial Results;iQIYI's 'For The Young Ones' Premieres  Spotlighting the Daily Lives of Juvenile Prosecutors;Are Hedge Funds Bullish on iQIYI  Inc. (IQ) Right Now?;'Strange Tales of Tang Dynasty 2: To the West' Tops Charts  Spearheading iQIYI's Blockbuster Summer Content Slate,https://www.iqiyi.com
TME,10.0%,12.5%,17.9%,20.7,13.1,10.2%,31244000000.0,28339000000.0,10.4,8.6,2.9,9.2,5.6,15.6,8.1,Tencent Music Entertainment Group Second Quarter 2024 Earnings: EPS Beats Expectations;Tech  Media & Telecom Roundup: Market Talk;Tencent profit jumps 82%  beating estimates after strong video gaming  ad growth;Sector Update: Tech Stocks Gain Late Afternoon;Sector Update: Tech Stocks Gain Tuesday Afternoon;Daiwa Securities Downgrades Tencent Music Entertainment to Neutral From Buy  Cuts Price Target to $12 From $17;Midday movers:Chipotle Mexican Grill  Tencent Music fall; Starbucks rises;Update: Tencent Music Entertainment Shares Drop After Q2 Revenue Falls,https://www.tencentmusic.com
AKAM,23.3%,19.7%,18.5%,24.8,14.6,13.9%,3461223000.0,3616654000.0,100.0,123.2,76.3,120.6,70.7,129.2,87.6,Do Its Financials Have Any Role To Play In Driving Akamai Technologies  Inc.'s (NASDAQ:AKAM) Stock Up Recently?;Akamai Named a Microsegmentation Leader;Insider Sale: Director William Wagner Sells Shares of Akamai Technologies Inc (AKAM);Why Akamai Technologies (AKAM) is a Top Growth Stock for the Long-Term;Akamai Technologies (AKAM) is a Top-Ranked Momentum Stock: Should You Buy?;Insider Sale: Robert Blumofe Sells 2 500 Shares of Akamai Technologies Inc (AKAM);Akamai Technologies Insider Sold Shares Worth $251 725  According to a Recent SEC Filing;Citigroup Adjusts Price Target on Akamai Technologies to $115 From $110,https://www.akamai.com
GEN,37.1%,38.8%,30.9%,27.2,10.7,28.3%,2796000000.0,3338000000.0,26.1,29.1,19.2,23.0,14.9,26.8,18.8,Gen Digital Inc. (NASDAQ:GEN) Shares Could Be 30% Below Their Intrinsic Value Estimate;Parents Cautiously Optimistic on AI in Schools: Content Safety and Data Privacy Among Top Worries;Gen Digital (GEN) Reliance on International Sales: What Investors Need to Know;We Think You Can Look Beyond Gen Digital's (NASDAQ:GEN) Lackluster Earnings;Decoding Gen Digital Inc (GEN): A Strategic SWOT Insight;New LifeLock Scan Tool Reveals Our Data is 'Out of Control';Gen Digital First Quarter 2025 Earnings: EPS Misses Expectations;Barclays Adjusts Price Target on Gen Digital to $27 From $25,https://www.gendigital.com
FFIV,15.1%,15.3%,19.1%,21.4,14.1,19.5%,2603416000.0,2695845000.0,198.9,245.6,133.7,180.7,127.1,205.9,159.0,Insider Sale: President  CEO & Director Francois Locoh-Donou Sells Shares of F5 Inc (FFIV);F5 Names Tom Fountain as COO;F5 Announces New Leadership Roles to Drive Heightened Agility  Productivity  and AI Innovation;Paycom (PAYC) Down 2.3% Since Last Earnings Report: Can It Rebound?;F5 (FFIV) Down 0.5% Since Last Earnings Report: Can It Rebound?;F5 Collaborating With Intel to Enhance Security and Delivery of AI Services;F5 Collaborates with Intel to Simplify the Security and Delivery of AI Services;Insider Sale: EVP  Worldwide Sales Chad Whalen Sells 5 493 Shares of F5 Inc (FFIV),https://www.f5.com
DBX,14.2%,15.3%,15.3%,14.0,10.1,N/A,2157900000.0,2324900000.0,24.0,25.8,19.1,30.5,18.7,33.4,20.7,Dropbox (DBX) is a Top-Ranked Value Stock: Should You Buy?;Why Dropbox (DBX) is a Top Growth Stock for the Long-Term;Is Dropbox (DBX) the Best Data Storage Stock To Buy Now?;Dropbox Second Quarter 2024 Earnings: EPS Beats Expectations;Dropbox Posts 'Decent' Q2 Results Amid Persistent Macro Headwinds  RBC Says;Dropbox Needs Stronger SMB And User Growth Signals  Analysts Say;Dropbox (DBX) Q2 Earnings Beat Estimates  Revenues Up Y/Y;Q2 2024 Dropbox Inc Earnings Call,https://www.dropbox.com
CHKP,41.9%,38.0%,37.2%,26.2,18.9,29.5%,2166800000.0,2329900000.0,190.0,149.6,107.5,154.1,117.2,193.3,145.8,Check Point Software Unveils New MSSP Portal for Partners: Vastly Simplifying Service Delivery and Ease of Doing Business;Calculating The Intrinsic Value Of Check Point Software Technologies Ltd. (NASDAQ:CHKP);Check Point Software Technologies to Buy Cyberint Technologies;Check Point Software to Acquire Cyberint to Transform Security Operations and Expand Managed Threat Intelligence Solutions;Why Is Check Point (CHKP) Up 5.1% Since Last Earnings Report?;7 A-Rated Tech Stocks to Top Your August 2024 Buy List;The 3 Best Cybersecurity Stocks to Buy in August 2024;3 Cybersecurity Stocks That Can Outperform in the Next 5 Years,https://www.checkpoint.com
ZI,18.3%,16.4%,21.8%,248.0,10.2,0.7%,747200000.0,1098000000.0,9.9,65.2,23.3,31.0,12.4,18.7,7.7,HPE vs. ZI: Which Stock Is the Better Value Option?;We Think You Can Look Beyond ZoomInfo Technologies' (NASDAQ:ZI) Lackluster Earnings;ZoomInfo Wins 2024 TrustRadius Tech Cares Award for Reducing e-Waste in Landfills  Donating Electronics to Those in Need;Insiders Buying Walt Disney And 2 Other Stocks;Daiwa Securities Downgrades ZoomInfo Technologies to Neutral From Outperform  Adjusts Price Target to $9 From $15;Henry Schuck Bought 11% More Shares In ZoomInfo Technologies;Artificial Intelligence Job Titles Have Tripled Since 2022 According To A New Report From ZoomInfo;ZoomInfo to Participate in Upcoming Investor Conferences,https://www.zoominfo.com
BOX,-3.2%,3.7%,4.9%,40.6,17.4,3783.4%,874332000.0,990874000.0,32.1,33.0,22.3,35.0,23.3,33.4,24.3,Are Options Traders Betting on a Big Move in BOX Stock?;Insider Sale: Director Dana Evan Sells 11 526 Shares of Box Inc (BOX);Insider Sale: Director Jack Lazar Sells 7 000 Shares of Box Inc (BOX);Results: Box  Inc. Exceeded Expectations And The Consensus Has Updated Its Estimates;Why Box Rallied 15.7% This Week;Box Q2 Earnings Beat Estimates: Can Positive Guidance Lift Shares?;Why Are Box (BOX) Shares Soaring Today;Box to Present at Investor Conference,https://www.box.com
FIS,13.2%,13.6%,16.1%,81.8,14.7,3.1%,9339000000.0,9719000000.0,82.6,114.1,53.6,75.8,46.0,83.1,57.7,FIS or MA: Which Is the Better Value Stock Right Now?;Fidelity National Information Services  Inc. (FIS): An Undervalued Tech Stock To Buy Now;Affirm Stock Soars 31.9%: A Signal for Investors to Hold Tight?;Fidelity National Information and The Mosaic have been highlighted as Zacks Bull and Bear of the Day;Bull of the Day: Fidelity National Information Services (FIS);Top Research Reports for American Express  ServiceNow & RTX;Barclays Hires Morgan StanleyÅfs Douglass to Run Sponsors M&A;JPMorgan Adjusts Price Target on Fidelity National Information Services to $89 From $85  Maintains Overweight Rating,https://www.fisglobal.com
STNE,22.7%,41.2%,48.3%,12.5,9.0,13.4%,4576468000.0,9016344000.0,13.1,19.7,6.8,18.6,8.1,19.5,11.4,Is StoneCo Ltd. (STNE) the Best Affordable Tech Stock to Buy According to Analysts?;StoneCo Second Quarter 2024 Earnings: EPS Beats Expectations;Stone delivers a consistent quarter with strong TPV growth and advancements in credit and banking;StoneCo (STNE) Q2 2024 Earnings Call Transcript;StoneCo Ltd. (STNE) Q2 Earnings Miss Estimates;StoneCo Reports Second Quarter 2024 Results;Analysts Estimate Palo Alto Networks (PANW) to Report a Decline in Earnings: What to Look Out for;StoneCo Ltd. (STNE) Reports Next Week: Wall Street Expects Earnings Growth,https://www.stone.co
FUTU,44.7%,46.9%,50.0%,15.8,11.7,17.1%,7115320000.0,7614027000.0,61.2,72.2,21.2,67.5,35.9,81.9,43.6,,https://www.futuholdings.com
